Workbook

Sheet PREÇOS
A1: CATEGORIA | B1: PRODUTO | C1: VALOR UNITÁRIO | E1: ⚠️ ALTERE OS VALORES AQUI - ATUALIZA TODAS AS ABAS AUTOMATICAMENTE
A2: PÃES SALGADOS | B2: Mini Pão Francês | C2: 0.4
A3: PÃES SALGADOS | B3: Mini Pão Integral | C3: 0.6
A4: PÃES SALGADOS | B4: Mini Australiano | C4: 0.8
A5: PÃES SALGADOS | B5: Mini Pão Gergilim | C5: 0.45
A6: PÃES SALGADOS | B6: Mini Pão de Milho ou | C6: 0.45
A7: PÃES SALGADOS | B7: Mini Baguete Rustica | C7: 0.65
A8: PÃES SALGADOS | B8: Mini Pão Calabresa | C8: 0.8
A9: PÃES SALGADOS | B9: Mini Pão Delicia recheado | C9: 0.7
A10: PÃES SALGADOS | B10: Focaccia recheada | C10: 1.55
A11: PÃES SALGADOS | B11: Mini Tiger | C11: 0.4
A12: PÃES SALGADOS | B12: Mini Pão de Frios | C12: 0.8
A13: PÃES SALGADOS | B13: Pão de Forma integral | C13: 3
... A32: REFEITÓRIO | B32: Pão de leite 50g | C32: 0.8

Sheet DIA 1
A1: HOTEL NANNAI MURO ALTO
A2: PADARIA / CONFEITARIA
A4: PRODUÇÃO | B4: Dia: 01/06/2026
A5: RESTAURANTE NANNAI
A6: PAX | D6: PADARIA | F6: ATENÇÃO ALTERAR SOMENTE EM VERMELHO, ALTERAR SOMENTE O NUMERO DE PESSOAS PAX
A8: unidades | B8: VALOR | C8: TOTAL | D8: PÃES SALGADOS
A9: =$C$6*0.9 -> 0 | B9: =IFERROR(VLOOKUP(D9,PREÇOS!$B$2:$C$32,2,FALSE),0) -> 0.4 | C9: =$A$9*$B$9 -> 0 | D9: Mini Pão Francês
A10: =$C$6*0.2 -> 0 | B10: =IFERROR(VLOOKUP(D10,PREÇOS!$B$2:$C$32,2,FALSE),0) -> 0.6 | C10: =$A$10*$B$10 -> 0 | D10: Mini Pão Integral
A11: =$C$6*0.2 -> 0 | B11: =IFERROR(VLOOKUP(D11,PREÇOS!$B$2:$C$32,2,FALSE),0) -> 0.8 | C11: =$A$11*$B$11 -> 0 | D11: Mini Australiano
A12: =$C$6*0.2 -> 0 | B12: =IFERROR(VLOOKUP(D12,PREÇOS!$B$2:$C$32,2,FALSE),0) -> 0.45 | C12: =$A$12*$B$12 -> 0 | D12: Mini Pão Gergilim
A13: =$C$6*0.2 -> 0 | B13: =IFERROR(VLOOKUP(D13,PREÇOS!$B$2:$C$32,2,FALSE),0) -> 0 | C13: =$A$13*$B$13 -> 0 | D13: Mini Pão de Milho ou
A14: =$C$6*0.1 -> 0 | B14: =IFERROR(VLOOKUP(D14,PREÇOS!$B$2:$C$32,2,FALSE),0) -> 0 | C14: =$A$14*$B$14 -> 0 | D14: Mini Baguete Rustica
A15: =$C$6*0.2 -> 0 | B15: =IFERROR(VLOOKUP(D15,PREÇOS!$B$2:$C$32,2,FALSE),0) -> 0.8 | C15: =$A$15*$B$15 -> 0 | D15: Mini Pão Calabresa
A16: =$C$6*0.2 -> 0 | B16: =IFERROR(VLOOKUP(D16,PREÇOS!$B$2:$C$32,2,FALSE),0) -> 0.7 | C16: =$A$16*$B$16 -> 0 | D16: Mini Pão Delicia recheado
A17: =$C$6*0.01 -> 0 | B17: =IFERROR(VLOOKUP(D17,PREÇOS!$B$2:$C$32,2,FALSE),0) -> 1.55 | C17: =$A$17*$B$17 -> 0 | D17: Focaccia recheada
A18: =$C$6*0.3 -> 0 | B18: =IFERROR(VLOOKUP(D18,PREÇOS!$B$2:$C$32,2,FALSE),0) -> 0.4 | C18: =$A$18*$B$18 -> 0 | D18: Mini Tiger
A19: =$C$6*0.2 -> 0 | B19: =IFERROR(VLOOKUP(D19,PREÇOS!$B$2:$C$32,2,FALSE),0) -> 0.8 | C19: =$A$19*$B$19 -> 0 | D19: Mini Pão de Frios
A20: =$C$6*0.004 -> 0 | B20: =IFERROR(VLOOKUP(D20,PREÇOS!$B$2:$C$32,2,FALSE),0) -> 3 | C20: =$A$20*$B$20 -> 0 | D20: Pão de Forma integral
A21: =$C$6*0.009 -> 0 | B21: =IFERROR(VLOOKUP(D21,PREÇOS!$B$2:$C$32,2,FALSE),0) -> 2.8 | C21: =$A$21*$B$21 -> 0 | D21: Pão de forma Tradicional
A22: =$C$6*0.004 -> 0 | B22: =IFERROR(VLOOKUP(D22,PREÇOS!$B$2:$C$32,2,FALSE),0) -> 3 | C22: =$A$22*$B$22 -> 0 | D22: Pão de Forma Maritoso
A23: =$C$6*0.04 -> 0 | B23: =IFERROR(VLOOKUP(D23,PREÇOS!$B$2:$C$32,2,FALSE),0) -> 2.6 | C23: =$A$23*$B$23 -> 0 | D23: Baguete Francesa 300g
A24: =$C$6*0.04 -> 0 | B24: =IFERROR(VLOOKUP(D24,PREÇOS!$B$2:$C$32,2,FALSE),0) -> 3.8 | C24: =$A$24*$B$24 -> 0 | D24: Pães de Decoração Rustico
D25: PÃES DOCES
A26: =$C$6*0.2 -> 0 | B26: =IFERROR(VLOOKUP(D26,PREÇOS!$B$2:$C$32,2,FALSE),0) -> 0.6 | C26: =$A$26*$B$26 -> 0 | D26: Mini Brioche ou Pão de Açucar
A27: =$C$6*0.2 -> 0 | B27: =IFERROR(VLOOKUP(D27,PREÇOS!$B$2:$C$32,2,FALSE),0) -> 0.5 | C27: =$A$27*$B$27 -> 0 | D27: Mini Bisnaguinha
A28: =$C$6*0.1 -> 0 | B28: =IFERROR(VLOOKUP(D28,PREÇOS!$B$2:$C$32,2,FALSE),0) -> 0.75 | C28: =$A$28*$B$28 -> 0 | D28: Mini Pão de coco
A29: =$C$6*0.1 -> 0 | B29: =IFERROR(VLOOKUP(D29,PREÇOS!$B$2:$C$32,2,FALSE),0) -> 0.6 | C29: =$A$29*$B$29 -> 0 | D29: Mini Pão doce
A30: =$C$6*0.2 -> 0 | B30: =IFERROR(VLOOKUP(D30,PREÇOS!$B$2:$C$32,2,FALSE),0) -> 0.8 | C30: =$A$30*$B$30 -> 0 | D30: Mini Donuts
A31: =$C$6*0.2 -> 0 | B31: =IFERROR(VLOOKUP(D31,PREÇOS!$B$2:$C$32,2,FALSE),0) -> 0.8 | C31: =$A$31*$B$31 -> 0 | D31: Mini Sonho
A32: =$C$6*0.2 -> 0 | B32: =IFERROR(VLOOKUP(D32,PREÇOS!$B$2:$C$32,2,FALSE),0) -> 0.85 | C32: =$A$32*$B$32 -> 0 | D32: Mini cookies
D33: FOLHADOS
A34: =$C$6*0.7 -> 0 | B34: =IFERROR(VLOOKUP(D34,PREÇOS!$B$2:$C$32,2,FALSE),0) -> 1.6 | C34: =$A$34*$B$34 -> 0 | D34: Mini Croissant
A35: =$C$6*0.5 -> 0 | B35: =IFERROR(VLOOKUP(D35,PREÇOS!$B$2:$C$32,2,FALSE),0) -> 1.8 | C35: =$A$35*$B$35 -> 0 | D35: Mini Pão de Chocolate
A36: =$C$6*0.5 -> 0 | B36: =IFERROR(VLOOKUP(D36,PREÇOS!$B$2:$C$32,2,FALSE),0) -> 0.95 | C36: =$A$36*$B$36 -> 0 | D36: Mini Folhado Salgado
A38: Total: | C38: =SUM(C9:C37) -> 0
A40: Produtos Volantes
A41: PAX | C41: 0 | D41: PADARIA
A42: unidades | D42: Pães salgados e doces
A43: =$C$41*0.7 -> 0 | B43: =IFERROR(VLOOKUP(D43,PREÇOS!$B$2:$C$32,2,FALSE),0) -> 0.63 | C43: =$A$43*$B$43 -> 0 | D43: Pão de queijo
A44: =$C$41*0.3 -> 0 | B44: =IFERROR(VLOOKUP(D44,PREÇOS!$B$2:$C$32,2,FALSE),0) -> 0.95 | C44: =$A$44*$B$44 -> 0 | D44: Folhado Salgado
A45: =$C$41*0.6 -> 0 | B45: =IFERROR(VLOOKUP(D45,PREÇOS!$B$2:$C$32,2,FALSE),0) -> 0.95 | C45: =$A$45*$B$45 -> 0 | D45: Doce do Dia verificar cardápio
C46: =$A$46*$B$46 -> 0
C47: =$A$47*$B$47 -> 0
A49: Total: | C49: =SUM(C43:C47) -> 0
A51: Refeitório Funcionarios
A52: PAX | C52: 200 | D52: PADARIA
A53: unidades | D53: PÃES SALGADOS
A54: =$C$52*0.9 -> 180 | B54: =IFERROR(VLOOKUP(D54,PREÇOS!$B$2:$C$32,2,FALSE),0) -> 0.65 | C54: =$A$54*$B$54 -> 117 | D54: Pão Francês 50g
A55: =$C$52*0.6 -> 120 | B55: =IFERROR(VLOOKUP(D55,PREÇOS!$B$2:$C$32,2,FALSE),0) -> 0.8 | C55: =$A$55*$B55 -> 96 | D55: Pão de leite 50g
A58: Total: | C58: =SUM(C54:C57) -> 213

Sheet DIA 2
A1: HOTEL NANNAI MURO ALTO
A2: PADARIA / CONFEITARIA
A4: PRODUÇÃO | B4: Dia: 02/06/2026
A5: RESTAURANTE NANNAI
A6: PAX | C6: 0 | D6: PADARIA | F6: ATENÇÃO ALTERAR SOMENTE EM VERMELHO, ALTERAR SOMENTE O NUMERO DE PESSOAS PAX
A8: unidades | B8: VALOR | C8: TOTAL | D8: PÃES SALGADOS
A9: =$C$6*0.9 -> 0 | B9: =IFERROR(VLOOKUP(D9,PREÇOS!$B$2:$C$32,2,FALSE),0) -> 0.4 | C9: =$A$9*$B$9 -> 0 | D9: Mini Pão Francês
A10: =$C$6*0.2 -> 0 | B10: =IFERROR(VLOOKUP(D10,PREÇOS!$B$2:$C$32,2,FALSE),0) -> 0.6 | C10: =$A$10*$B$10 -> 0 | D10: Mini Pão Integral
A11: =$C$6*0.2 -> 0 | B11: =IFERROR(VLOOKUP(D11,PREÇOS!$B$2:$C$32,2,FALSE),0) -> 0.8 | C11: =$A$11*$B$11 -> 0 | D11: Mini Australiano
A12: =$C$6*0.2 -> 0 | B12: =IFERROR(VLOOKUP(D12,PREÇOS!$B$2:$C$32,2,FALSE),0) -> 0.45 | C12: =$A$12*$B$12 -> 0 | D12: Mini Pão Gergilim
A13: =$C$6*0.2 -> 0 | B13: =IFERROR(VLOOKUP(D13,PREÇOS!$B$2:$C$32,2,FALSE),0) -> 0 | C13: =$A$13*$B$13 -> 0 | D13: Mini Pão de Milho ou
A14: =$C$6*0.1 -> 0 | B14: =IFERROR(VLOOKUP(D14,PREÇOS!$B$2:$C$32,2,FALSE),0) -> 0 | C14: =$A$14*$B$14 -> 0 | D14: Mini Baguete Rustica
A15: =$C$6*0.2 -> 0 | B15: =IFERROR(VLOOKUP(D15,PREÇOS!$B$2:$C$32,2,FALSE),0) -> 0.8 | C15: =$A$15*$B$15 -> 0 | D15: Mini Pão Calabresa
A16: =$C$6*0.2 -> 0 | B16: =IFERROR(VLOOKUP(D16,PREÇOS!$B$2:$C$32,2,FALSE),0) -> 0.7 | C16: =$A$16*$B$16 -> 0 | D16: Mini Pão Delicia recheado
A17: =$C$6*0.01 -> 0 | B17: =IFERROR(VLOOKUP(D17,PREÇOS!$B$2:$C$32,2,FALSE),0) -> 1.55 | C17: =$A$17*$B$17 -> 0 | D17: Focaccia recheada
A18: =$C$6*0.3 -> 0 | B18: =IFERROR(VLOOKUP(D18,PREÇOS!$B$2:$C$32,2,FALSE),0) -> 0.4 | C18: =$A$18*$B$18 -> 0 | D18: Mini Tiger
A19: =$C$6*0.2 -> 0 | B19: =IFERROR(VLOOKUP(D19,PREÇOS!$B$2:$C$32,2,FALSE),0) -> 0.8 | C19: =$A$19*$B$19 -> 0 | D19: Mini Pão de Frios
A20: =$C$6*0.004 -> 0 | B20: =IFERROR(VLOOKUP(D20,PREÇOS!$B$2:$C$32,2,FALSE),0) -> 3 | C20: =$A$20*$B$20 -> 0 | D20: Pão de Forma integral
A21: =$C$6*0.009 -> 0 | B21: =IFERROR(VLOOKUP(D21,PREÇOS!$B$2:$C$32,2,FALSE),0) -> 2.8 | C21: =$A$21*$B$21 -> 0 | D21: Pão de forma Tradicional
A22: =$C$6*0.004 -> 0 | B22: =IFERROR(VLOOKUP(D22,PREÇOS!$B$2:$C$32,2,FALSE),0) -> 3 | C22: =$A$22*$B$22 -> 0 | D22: Pão de Forma Maritoso
A23: =$C$6*0.04 -> 0 | B23: =IFERROR(VLOOKUP(D23,PREÇOS!$B$2:$C$32,2,FALSE),0) -> 2.6 | C23: =$A$23*$B$23 -> 0 | D23: Baguete Francesa 300g
A24: =$C$6*0.04 -> 0 | B24: =IFERROR(VLOOKUP(D24,PREÇOS!$B$2:$C$32,2,FALSE),0) -> 3.8 | C24: =$A$24*$B$24 -> 0 | D24: Pães de Decoração Rustico
D25: PÃES DOCES
A26: =$C$6*0.2 -> 0 | B26: =IFERROR(VLOOKUP(D26,PREÇOS!$B$2:$C$32,2,FALSE),0) -> 0.6 | C26: =$A$26*$B$26 -> 0 | D26: Mini Brioche ou Pão de Açucar
A27: =$C$6*0.2 -> 0 | B27: =IFERROR(VLOOKUP(D27,PREÇOS!$B$2:$C$32,2,FALSE),0) -> 0.5 | C27: =$A$27*$B$27 -> 0 | D27: Mini Bisnaguinha
A28: =$C$6*0.1 -> 0 | B28: =IFERROR(VLOOKUP(D28,PREÇOS!$B$2:$C$32,2,FALSE),0) -> 0.75 | C28: =$A$28*$B$28 -> 0 | D28: Mini Pão de coco
A29: =$C$6*0.1 -> 0 | B29: =IFERROR(VLOOKUP(D29,PREÇOS!$B$2:$C$32,2,FALSE),0) -> 0.6 | C29: =$A$29*$B$29 -> 0 | D29: Mini Pão doce
A30: =$C$6*0.2 -> 0 | B30: =IFERROR(VLOOKUP(D30,PREÇOS!$B$2:$C$32,2,FALSE),0) -> 0.8 | C30: =$A$30*$B$30 -> 0 | D30: Mini Donuts
A31: =$C$6*0.2 -> 0 | B31: =IFERROR(VLOOKUP(D31,PREÇOS!$B$2:$C$32,2,FALSE),0) -> 0.8 | C31: =$A$31*$B$31 -> 0 | D31: Mini Sonho
A32: =$C$6*0.2 -> 0 | B32: =IFERROR(VLOOKUP(D32,PREÇOS!$B$2:$C$32,2,FALSE),0) -> 0.85 | C32: =$A$32*$B$32 -> 0 | D32: Mini cookies
D33: FOLHADOS
A34: =$C$6*0.7 -> 0 | B34: =IFERROR(VLOOKUP(D34,PREÇOS!$B$2:$C$32,2,FALSE),0) -> 1.6 | C34: =$A$34*$B$34 -> 0 | D34: Mini Croissant
A35: =$C$6*0.5 -> 0 | B35: =IFERROR(VLOOKUP(D35,PREÇOS!$B$2:$C$32,2,FALSE),0) -> 1.8 | C35: =$A$35*$B$35 -> 0 | D35: Mini Pão de Chocolate
A36: =$C$6*0.5 -> 0 | B36: =IFERROR(VLOOKUP(D36,PREÇOS!$B$2:$C$32,2,FALSE),0) -> 0.95 | C36: =$A$36*$B$36 -> 0 | D36: Mini Folhado Salgado
A38: Total: | C38: =SUM(C9:C37) -> 0
A40: Produtos Volantes
A41: PAX | C41: 0 | D41: PADARIA
A42: unidades | D42: Pães salgados e doces
A43: =$C$41*0.7 -> 0 | B43: =IFERROR(VLOOKUP(D43,PREÇOS!$B$2:$C$32,2,FALSE),0) -> 0.63 | C43: =$A$43*$B$43 -> 0 | D43: Pão de queijo
A44: =$C$41*0.3 -> 0 | B44: =IFERROR(VLOOKUP(D44,PREÇOS!$B$2:$C$32,2,FALSE),0) -> 0.95 | C44: =$A$44*$B$44 -> 0 | D44: Folhado Salgado
A45: =$C$41*0.6 -> 0 | B45: =IFERROR(VLOOKUP(D45,PREÇOS!$B$2:$C$32,2,FALSE),0) -> 0.95 | C45: =$A$45*$B$45 -> 0 | D45: Doce do Dia verificar cardápio
C46: =$A$46*$B$46 -> 0
C47: =$A$47*$B$47 -> 0
A49: Total: | C49: =SUM(C43:C47) -> 0
A51: Refeitório Funcionarios
A52: PAX | C52: 200 | D52: PADARIA
A53: unidades | D53: PÃES SALGADOS
A54: =$C$52*0.9 -> 180 | B54: =IFERROR(VLOOKUP(D54,PREÇOS!$B$2:$C$32,2,FALSE),0) -> 0.65 | C54: =$A$54*$B$54 -> 117 | D54: Pão Francês 50g
A55: =$C$52*0.6 -> 120 | B55: =IFERROR(VLOOKUP(D55,PREÇOS!$B$2:$C$32,2,FALSE),0) -> 0.8 | C55: =$A$55*$B55 -> 96 | D55: Pão de leite 50g
A58: Total: | C58: =SUM(C54:C57) -> 213

Sheet DIA 3
A1: HOTEL NANNAI MURO ALTO
A2: PADARIA / CONFEITARIA
A4: PRODUÇÃO | B4: Dia: 03/06/2026
A5: RESTAURANTE NANNAI
A6: PAX | C6: 0 | D6: PADARIA | F6: ATENÇÃO ALTERAR SOMENTE EM VERMELHO, ALTERAR SOMENTE O NUMERO DE PESSOAS PAX
A8: unidades | B8: VALOR | C8: TOTAL | D8: PÃES SALGADOS
A9: =$C$6*0.9 -> 0 | B9: =IFERROR(VLOOKUP(D9,PREÇOS!$B$2:$C$32,2,FALSE),0) -> 0.4 | C9: =$A$9*$B$9 -> 0 | D9: Mini Pão Francês
A10: =$C$6*0.2 -> 0 | B10: =IFERROR(VLOOKUP(D10,PREÇOS!$B$2:$C$32,2,FALSE),0) -> 0.6 | C10: =$A$10*$B$10 -> 0 | D10: Mini Pão Integral
A11: =$C$6*0.2 -> 0 | B11: =IFERROR(VLOOKUP(D11,PREÇOS!$B$2:$C$32,2,FALSE),0) -> 0.8 | C11: =$A$11*$B$11 -> 0 | D11: Mini Australiano
A12: =$C$6*0.2 -> 0 | B12: =IFERROR(VLOOKUP(D12,PREÇOS!$B$2:$C$32,2,FALSE),0) -> 0.45 | C12: =$A$12*$B$12 -> 0 | D12: Mini Pão Gergilim
A13: =$C$6*0.2 -> 0 | B13: =IFERROR(VLOOKUP(D13,PREÇOS!$B$2:$C$32,2,FALSE),0) -> 0 | C13: =$A$13*$B$13 -> 0 | D13: Mini Pão de Milho ou
A14: =$C$6*0.1 -> 0 | B14: =IFERROR(VLOOKUP(D14,PREÇOS!$B$2:$C$32,2,FALSE),0) -> 0 | C14: =$A$14*$B$14 -> 0 | D14: Mini Baguete Rustica
A15: =$C$6*0.2 -> 0 | B15: =IFERROR(VLOOKUP(D15,PREÇOS!$B$2:$C$32,2,FALSE),0) -> 0.8 | C15: =$A$15*$B$15 -> 0 | D15: Mini Pão Calabresa
A16: =$C$6*0.2 -> 0 | B16: =IFERROR(VLOOKUP(D16,PREÇOS!$B$2:$C$32,2,FALSE),0) -> 0.7 | C16: =$A$16*$B$16 -> 0 | D16: Mini Pão Delicia recheado
A17: =$C$6*0.01 -> 0 | B17: =IFERROR(VLOOKUP(D17,PREÇOS!$B$2:$C$32,2,FALSE),0) -> 1.55 | C17: =$A$17*$B$17 -> 0 | D17: Focaccia recheada
A18: =$C$6*0.3 -> 0 | B18: =IFERROR(VLOOKUP(D18,PREÇOS!$B$2:$C$32,2,FALSE),0) -> 0.4 | C18: =$A$18*$B$18 -> 0 | D18: Mini Tiger
A19: =$C$6*0.2 -> 0 | B19: =IFERROR(VLOOKUP(D19,PREÇOS!$B$2:$C$32,2,FALSE),0) -> 0.8 | C19: =$A$19*$B$19 -> 0 | D19: Mini Pão de Frios
A20: =$C$6*0.004 -> 0 | B20: =IFERROR(VLOOKUP(D20,PREÇOS!$B$2:$C$32,2,FALSE),0) -> 3 | C20: =$A$20*$B$20 -> 0 | D20: Pão de Forma integral
A21: =$C$6*0.009 -> 0 | B21: =IFERROR(VLOOKUP(D21,PREÇOS!$B$2:$C$32,2,FALSE),0) -> 2.8 | C21: =$A$21*$B$21 -> 0 | D21: Pão de forma Tradicional
A22: =$C$6*0.004 -> 0 | B22: =IFERROR(VLOOKUP(D22,PREÇOS!$B$2:$C$32,2,FALSE),0) -> 3 | C22: =$A$22*$B$22 -> 0 | D22: Pão de Forma Maritoso
A23: =$C$6*0.04 -> 0 | B23: =IFERROR(VLOOKUP(D23,PREÇOS!$B$2:$C$32,2,FALSE),0) -> 2.6 | C23: =$A$23*$B$23 -> 0 | D23: Baguete Francesa 300g
A24: =$C$6*0.04 -> 0 | B24: =IFERROR(VLOOKUP(D24,PREÇOS!$B$2:$C$32,2,FALSE),0) -> 3.8 | C24: =$A$24*$B$24 -> 0 | D24: Pães de Decoração Rustico
D25: PÃES DOCES
A26: =$C$6*0.2 -> 0 | B26: =IFERROR(VLOOKUP(D26,PREÇOS!$B$2:$C$32,2,FALSE),0) -> 0.6 | C26: =$A$26*$B$26 -> 0 | D26: Mini Brioche ou Pão de Açucar
A27: =$C$6*0.2 -> 0 | B27: =IFERROR(VLOOKUP(D27,PREÇOS!$B$2:$C$32,2,FALSE),0) -> 0.5 | C27: =$A$27*$B$27 -> 0 | D27: Mini Bisnaguinha
A28: =$C$6*0.1 -> 0 | B28: =IFERROR(VLOOKUP(D28,PREÇOS!$B$2:$C$32,2,FALSE),0) -> 0.75 | C28: =$A$28*$B$28 -> 0 | D28: Mini Pão de coco
A29: =$C$6*0.1 -> 0 | B29: =IFERROR(VLOOKUP(D29,PREÇOS!$B$2:$C$32,2,FALSE),0) -> 0.6 | C29: =$A$29*$B$29 -> 0 | D29: Mini Pão doce
A30: =$C$6*0.2 -> 0 | B30: =IFERROR(VLOOKUP(D30,PREÇOS!$B$2:$C$32,2,FALSE),0) -> 0.8 | C30: =$A$30*$B$30 -> 0 | D30: Mini Donuts
A31: =$C$6*0.2 -> 0 | B31: =IFERROR(VLOOKUP(D31,PREÇOS!$B$2:$C$32,2,FALSE),0) -> 0.8 | C31: =$A$31*$B$31 -> 0 | D31: Mini Sonho
A32: =$C$6*0.2 -> 0 | B32: =IFERROR(VLOOKUP(D32,PREÇOS!$B$2:$C$32,2,FALSE),0) -> 0.85 | C32: =$A$32*$B$32 -> 0 | D32: Mini cookies
D33: FOLHADOS
A34: =$C$6*0.7 -> 0 | B34: =IFERROR(VLOOKUP(D34,PREÇOS!$B$2:$C$32,2,FALSE),0) -> 1.6 | C34: =$A$34*$B$34 -> 0 | D34: Mini Croissant
A35: =$C$6*0.5 -> 0 | B35: =IFERROR(VLOOKUP(D35,PREÇOS!$B$2:$C$32,2,FALSE),0) -> 1.8 | C35: =$A$35*$B$35 -> 0 | D35: Mini Pão de Chocolate
A36: =$C$6*0.5 -> 0 | B36: =IFERROR(VLOOKUP(D36,PREÇOS!$B$2:$C$32,2,FALSE),0) -> 0.95 | C36: =$A$36*$B$36 -> 0 | D36: Mini Folhado Salgado
A38: Total: | C38: =SUM(C9:C37) -> 0
A40: Produtos Volantes
A41: PAX | C41: 0 | D41: PADARIA
A42: unidades | D42: Pães salgados e doces
A43: =$C$41*0.7 -> 0 | B43: =IFERROR(VLOOKUP(D43,PREÇOS!$B$2:$C$32,2,FALSE),0) -> 0.63 | C43: =$A$43*$B$43 -> 0 | D43: Pão de queijo
A44: =$C$41*0.3 -> 0 | B44: =IFERROR(VLOOKUP(D44,PREÇOS!$B$2:$C$32,2,FALSE),0) -> 0.95 | C44: =$A$44*$B$44 -> 0 | D44: Folhado Salgado
A45: =$C$41*0.6 -> 0 | B45: =IFERROR(VLOOKUP(D45,PREÇOS!$B$2:$C$32,2,FALSE),0) -> 0.95 | C45: =$A$45*$B$45 -> 0 | D45: Doce do Dia verificar cardápio
C46: =$A$46*$B$46 -> 0
C47: =$A$47*$B$47 -> 0
A49: Total: | C49: =SUM(C43:C47) -> 0
A51: Refeitório Funcionarios
A52: PAX | C52: 200 | D52: PADARIA
A53: unidades | D53: PÃES SALGADOS
A54: =$C$52*0.9 -> 180 | B54: =IFERROR(VLOOKUP(D54,PREÇOS!$B$2:$C$32,2,FALSE),0) -> 0.65 | C54: =$A$54*$B$54 -> 117 | D54: Pão Francês 50g
A55: =$C$52*0.6 -> 120 | B55: =IFERROR(VLOOKUP(D55,PREÇOS!$B$2:$C$32,2,FALSE),0) -> 0.8 | C55: =$A$55*$B55 -> 96 | D55: Pão de leite 50g
A58: Total: | C58: =SUM(C54:C57) -> 213

Sheet DIA 4
A1: HOTEL NANNAI MURO ALTO
A2: PADARIA / CONFEITARIA
A4: PRODUÇÃO | B4: Dia: 04/06/2026
A5: RESTAURANTE NANNAI
A6: PAX | C6: 0 | D6: PADARIA | F6: ATENÇÃO ALTERAR SOMENTE EM VERMELHO, ALTERAR SOMENTE O NUMERO DE PESSOAS PAX
A8: unidades | B8: VALOR | C8: TOTAL | D8: PÃES SALGADOS
A9: =$C$6*0.9 -> 0 | B9: =IFERROR(VLOOKUP(D9,PREÇOS!$B$2:$C$32,2,FALSE),0) -> 0.4 | C9: =$A$9*$B$9 -> 0 | D9: Mini Pão Francês
A10: =$C$6*0.2 -> 0 | B10: =IFERROR(VLOOKUP(D10,PREÇOS!$B$2:$C$32,2,FALSE),0) -> 0.6 | C10: =$A$10*$B$10 -> 0 | D10: Mini Pão Integral
A11: =$C$6*0.2 -> 0 | B11: =IFERROR(VLOOKUP(D11,PREÇOS!$B$2:$C$32,2,FALSE),0) -> 0.8 | C11: =$A$11*$B$11 -> 0 | D11: Mini Australiano
A12: =$C$6*0.2 -> 0 | B12: =IFERROR(VLOOKUP(D12,PREÇOS!$B$2:$C$32,2,FALSE),0) -> 0.45 | C12: =$A$12*$B$12 -> 0 | D12: Mini Pão Gergilim
A13: =$C$6*0.2 -> 0 | B13: =IFERROR(VLOOKUP(D13,PREÇOS!$B$2:$C$32,2,FALSE),0) -> 0 | C13: =$A$13*$B$13 -> 0 | D13: Mini Pão de Milho ou
A14: =$C$6*0.1 -> 0 | B14: =IFERROR(VLOOKUP(D14,PREÇOS!$B$2:$C$32,2,FALSE),0) -> 0 | C14: =$A$14*$B$14 -> 0 | D14: Mini Baguete Rustica
A15: =$C$6*0.2 -> 0 | B15: =IFERROR(VLOOKUP(D15,PREÇOS!$B$2:$C$32,2,FALSE),0) -> 0.8 | C15: =$A$15*$B$15 -> 0 | D15: Mini Pão Calabresa
A16: =$C$6*0.2 -> 0 | B16: =IFERROR(VLOOKUP(D16,PREÇOS!$B$2:$C$32,2,FALSE),0) -> 0.7 | C16: =$A$16*$B$16 -> 0 | D16: Mini Pão Delicia recheado
A17: =$C$6*0.01 -> 0 | B17: =IFERROR(VLOOKUP(D17,PREÇOS!$B$2:$C$32,2,FALSE),0) -> 1.55 | C17: =$A$17*$B$17 -> 0 | D17: Focaccia recheada
A18: =$C$6*0.3 -> 0 | B18: =IFERROR(VLOOKUP(D18,PREÇOS!$B$2:$C$32,2,FALSE),0) -> 0.4 | C18: =$A$18*$B$18 -> 0 | D18: Mini Tiger
A19: =$C$6*0.2 -> 0 | B19: =IFERROR(VLOOKUP(D19,PREÇOS!$B$2:$C$32,2,FALSE),0) -> 0.8 | C19: =$A$19*$B$19 -> 0 | D19: Mini Pão de Frios
A20: =$C$6*0.004 -> 0 | B20: =IFERROR(VLOOKUP(D20,PREÇOS!$B$2:$C$32,2,FALSE),0) -> 3 | C20: =$A$20*$B$20 -> 0 | D20: Pão de Forma integral
A21: =$C$6*0.009 -> 0 | B21: =IFERROR(VLOOKUP(D21,PREÇOS!$B$2:$C$32,2,FALSE),0) -> 2.8 | C21: =$A$21*$B$21 -> 0 | D21: Pão de forma Tradicional
A22: =$C$6*0.004 -> 0 | B22: =IFERROR(VLOOKUP(D22,PREÇOS!$B$2:$C$32,2,FALSE),0) -> 3 | C22: =$A$22*$B$22 -> 0 | D22: Pão de Forma Maritoso
A23: =$C$6*0.04 -> 0 | B23: =IFERROR(VLOOKUP(D23,PREÇOS!$B$2:$C$32,2,FALSE),0) -> 2.6 | C23: =$A$23*$B$23 -> 0 | D23: Baguete Francesa 300g
A24: =$C$6*0.04 -> 0 | B24: =IFERROR(VLOOKUP(D24,PREÇOS!$B$2:$C$32,2,FALSE),0) -> 3.8 | C24: =$A$24*$B$24 -> 0 | D24: Pães de Decoração Rustico
D25: PÃES DOCES
A26: =$C$6*0.2 -> 0 | B26: =IFERROR(VLOOKUP(D26,PREÇOS!$B$2:$C$32,2,FALSE),0) -> 0.6 | C26: =$A$26*$B$26 -> 0 | D26: Mini Brioche ou Pão de Açucar
A27: =$C$6*0.2 -> 0 | B27: =IFERROR(VLOOKUP(D27,PREÇOS!$B$2:$C$32,2,FALSE),0) -> 0.5 | C27: =$A$27*$B$27 -> 0 | D27: Mini Bisnaguinha
A28: =$C$6*0.1 -> 0 | B28: =IFERROR(VLOOKUP(D28,PREÇOS!$B$2:$C$32,2,FALSE),0) -> 0.75 | C28: =$A$28*$B$28 -> 0 | D28: Mini Pão de coco
A29: =$C$6*0.1 -> 0 | B29: =IFERROR(VLOOKUP(D29,PREÇOS!$B$2:$C$32,2,FALSE),0) -> 0.6 | C29: =$A$29*$B$29 -> 0 | D29: Mini Pão doce
A30: =$C$6*0.2 -> 0 | B30: =IFERROR(VLOOKUP(D30,PREÇOS!$B$2:$C$32,2,FALSE),0) -> 0.8 | C30: =$A$30*$B$30 -> 0 | D30: Mini Donuts
A31: =$C$6*0.2 -> 0 | B31: =IFERROR(VLOOKUP(D31,PREÇOS!$B$2:$C$32,2,FALSE),0) -> 0.8 | C31: =$A$31*$B$31 -> 0 | D31: Mini Sonho
A32: =$C$6*0.2 -> 0 | B32: =IFERROR(VLOOKUP(D32,PREÇOS!$B$2:$C$32,2,FALSE),0) -> 0.85 | C32: =$A$32*$B$32 -> 0 | D32: Mini cookies
D33: FOLHADOS
A34: =$C$6*0.7 -> 0 | B34: =IFERROR(VLOOKUP(D34,PREÇOS!$B$2:$C$32,2,FALSE),0) -> 1.6 | C34: =$A$34*$B$34 -> 0 | D34: Mini Croissant
A35: =$C$6*0.5 -> 0 | B35: =IFERROR(VLOOKUP(D35,PREÇOS!$B$2:$C$32,2,FALSE),0) -> 1.8 | C35: =$A$35*$B$35 -> 0 | D35: Mini Pão de Chocolate
A36: =$C$6*0.5 -> 0 | B36: =IFERROR(VLOOKUP(D36,PREÇOS!$B$2:$C$32,2,FALSE),0) -> 0.95 | C36: =$A$36*$B$36 -> 0 | D36: Mini Folhado Salgado
A38: Total: | C38: =SUM(C9:C37) -> 0
A40: Produtos Volantes
A41: PAX | C41: 0 | D41: PADARIA
A42: unidades | D42: Pães salgados e doces
A43: =$C$41*0.7 -> 0 | B43: =IFERROR(VLOOKUP(D43,PREÇOS!$B$2:$C$32,2,FALSE),0) -> 0.63 | C43: =$A$43*$B$43 -> 0 | D43: Pão de queijo
A44: =$C$41*0.3 -> 0 | B44: =IFERROR(VLOOKUP(D44,PREÇOS!$B$2:$C$32,2,FALSE),0) -> 0.95 | C44: =$A$44*$B$44 -> 0 | D44: Folhado Salgado
A45: =$C$41*0.6 -> 0 | B45: =IFERROR(VLOOKUP(D45,PREÇOS!$B$2:$C$32,2,FALSE),0) -> 0.95 | C45: =$A$45*$B$45 -> 0 | D45: Doce do Dia verificar cardápio
C46: =$A$46*$B$46 -> 0
C47: =$A$47*$B$47 -> 0
A49: Total: | C49: =SUM(C43:C47) -> 0
A51: Refeitório Funcionarios
A52: PAX | C52: 200 | D52: PADARIA
A53: unidades | D53: PÃES SALGADOS
A54: =$C$52*0.9 -> 180 | B54: =IFERROR(VLOOKUP(D54,PREÇOS!$B$2:$C$32,2,FALSE),0) -> 0.65 | C54: =$A$54*$B$54 -> 117 | D54: Pão Francês 50g
A55: =$C$52*0.6 -> 120 | B55: =IFERROR(VLOOKUP(D55,PREÇOS!$B$2:$C$32,2,FALSE),0) -> 0.8 | C55: =$A$55*$B55 -> 96 | D55: Pão de leite 50g
A58: Total: | C58: =SUM(C54:C57) -> 213

Sheet DIA 5
A1: HOTEL NANNAI MURO ALTO
A2: PADARIA / CONFEITARIA
A4: PRODUÇÃO | B4: Dia: 05/06/2026
A5: RESTAURANTE NANNAI
A6: PAX | C6: 0 | D6: PADARIA | F6: ATENÇÃO ALTERAR SOMENTE EM VERMELHO, ALTERAR SOMENTE O NUMERO DE PESSOAS PAX
A8: unidades | B8: VALOR | C8: TOTAL | D8: PÃES SALGADOS
A9: =$C$6*0.9 -> 0 | B9: =IFERROR(VLOOKUP(D9,PREÇOS!$B$2:$C$32,2,FALSE),0) -> 0.4 | C9: =$A$9*$B$9 -> 0 | D9: Mini Pão Francês
A10: =$C$6*0.2 -> 0 | B10: =IFERROR(VLOOKUP(D10,PREÇOS!$B$2:$C$32,2,FALSE),0) -> 0.6 | C10: =$A$10*$B$10 -> 0 | D10: Mini Pão Integral
A11: =$C$6*0.2 -> 0 | B11: =IFERROR(VLOOKUP(D11,PREÇOS!$B$2:$C$32,2,FALSE),0) -> 0.8 | C11: =$A$11*$B$11 -> 0 | D11: Mini Australiano
A12: =$C$6*0.2 -> 0 | B12: =IFERROR(VLOOKUP(D12,PREÇOS!$B$2:$C$32,2,FALSE),0) -> 0.45 | C12: =$A$12*$B$12 -> 0 | D12: Mini Pão Gergilim
A13: =$C$6*0.2 -> 0 | B13: =IFERROR(VLOOKUP(D13,PREÇOS!$B$2:$C$32,2,FALSE),0) -> 0 | C13: =$A$13*$B$13 -> 0 | D13: Mini Pão de Milho ou
A14: =$C$6*0.1 -> 0 | B14: =IFERROR(VLOOKUP(D14,PREÇOS!$B$2:$C$32,2,FALSE),0) -> 0 | C14: =$A$14*$B$14 -> 0 | D14: Mini Baguete Rustica
A15: =$C$6*0.2 -> 0 | B15: =IFERROR(VLOOKUP(D15,PREÇOS!$B$2:$C$32,2,FALSE),0) -> 0.8 | C15: =$A$15*$B$15 -> 0 | D15: Mini Pão Calabresa
A16: =$C$6*0.2 -> 0 | B16: =IFERROR(VLOOKUP(D16,PREÇOS!$B$2:$C$32,2,FALSE),0) -> 0.7 | C16: =$A$16*$B$16 -> 0 | D16: Mini Pão Delicia recheado
A17: =$C$6*0.01 -> 0 | B17: =IFERROR(VLOOKUP(D17,PREÇOS!$B$2:$C$32,2,FALSE),0) -> 1.55 | C17: =$A$17*$B$17 -> 0 | D17: Focaccia recheada
A18: =$C$6*0.3 -> 0 | B18: =IFERROR(VLOOKUP(D18,PREÇOS!$B$2:$C$32,2,FALSE),0) -> 0.4 | C18: =$A$18*$B$18 -> 0 | D18: Mini Tiger
A19: =$C$6*0.2 -> 0 | B19: =IFERROR(VLOOKUP(D19,PREÇOS!$B$2:$C$32,2,FALSE),0) -> 0.8 | C19: =$A$19*$B$19 -> 0 | D19: Mini Pão de Frios
A20: =$C$6*0.004 -> 0 | B20: =IFERROR(VLOOKUP(D20,PREÇOS!$B$2:$C$32,2,FALSE),0) -> 3 | C20: =$A$20*$B$20 -> 0 | D20: Pão de Forma integral
A21: =$C$6*0.009 -> 0 | B21: =IFERROR(VLOOKUP(D21,PREÇOS!$B$2:$C$32,2,FALSE),0) -> 2.8 | C21: =$A$21*$B$21 -> 0 | D21: Pão de forma Tradicional
A22: =$C$6*0.004 -> 0 | B22: =IFERROR(VLOOKUP(D22,PREÇOS!$B$2:$C$32,2,FALSE),0) -> 3 | C22: =$A$22*$B$22 -> 0 | D22: Pão de Forma Maritoso
A23: =$C$6*0.04 -> 0 | B23: =IFERROR(VLOOKUP(D23,PREÇOS!$B$2:$C$32,2,FALSE),0) -> 2.6 | C23: =$A$23*$B$23 -> 0 | D23: Baguete Francesa 300g
A24: =$C$6*0.04 -> 0 | B24: =IFERROR(VLOOKUP(D24,PREÇOS!$B$2:$C$32,2,FALSE),0) -> 3.8 | C24: =$A$24*$B$24 -> 0 | D24: Pães de Decoração Rustico
D25: PÃES DOCES
A26: =$C$6*0.2 -> 0 | B26: =IFERROR(VLOOKUP(D26,PREÇOS!$B$2:$C$32,2,FALSE),0) -> 0.6 | C26: =$A$26*$B$26 -> 0 | D26: Mini Brioche ou Pão de Açucar
A27: =$C$6*0.2 -> 0 | B27: =IFERROR(VLOOKUP(D27,PREÇOS!$B$2:$C$32,2,FALSE),0) -> 0.5 | C27: =$A$27*$B$27 -> 0 | D27: Mini Bisnaguinha
A28: =$C$6*0.1 -> 0 | B28: =IFERROR(VLOOKUP(D28,PREÇOS!$B$2:$C$32,2,FALSE),0) -> 0.75 | C28: =$A$28*$B$28 -> 0 | D28: Mini Pão de coco
A29: =$C$6*0.1 -> 0 | B29: =IFERROR(VLOOKUP(D29,PREÇOS!$B$2:$C$32,2,FALSE),0) -> 0.6 | C29: =$A$29*$B$29 -> 0 | D29: Mini Pão doce
A30: =$C$6*0.2 -> 0 | B30: =IFERROR(VLOOKUP(D30,PREÇOS!$B$2:$C$32,2,FALSE),0) -> 0.8 | C30: =$A$30*$B$30 -> 0 | D30: Mini Donuts
A31: =$C$6*0.2 -> 0 | B31: =IFERROR(VLOOKUP(D31,PREÇOS!$B$2:$C$32,2,FALSE),0) -> 0.8 | C31: =$A$31*$B$31 -> 0 | D31: Mini Sonho
A32: =$C$6*0.2 -> 0 | B32: =IFERROR(VLOOKUP(D32,PREÇOS!$B$2:$C$32,2,FALSE),0) -> 0.85 | C32: =$A$32*$B$32 -> 0 | D32: Mini cookies
D33: FOLHADOS
A34: =$C$6*0.7 -> 0 | B34: =IFERROR(VLOOKUP(D34,PREÇOS!$B$2:$C$32,2,FALSE),0) -> 1.6 | C34: =$A$34*$B$34 -> 0 | D34: Mini Croissant
A35: =$C$6*0.5 -> 0 | B35: =IFERROR(VLOOKUP(D35,PREÇOS!$B$2:$C$32,2,FALSE),0) -> 1.8 | C35: =$A$35*$B$35 -> 0 | D35: Mini Pão de Chocolate
A36: =$C$6*0.5 -> 0 | B36: =IFERROR(VLOOKUP(D36,PREÇOS!$B$2:$C$32,2,FALSE),0) -> 0.95 | C36: =$A$36*$B$36 -> 0 | D36: Mini Folhado Salgado
A38: Total: | C38: =SUM(C9:C37) -> 0
A40: Produtos Volantes
A41: PAX | C41: 0 | D41: PADARIA
A42: unidades | D42: Pães salgados e doces
A43: =$C$41*0.7 -> 0 | B43: =IFERROR(VLOOKUP(D43,PREÇOS!$B$2:$C$32,2,FALSE),0) -> 0.63 | C43: =$A$43*$B$43 -> 0 | D43: Pão de queijo
A44: =$C$41*0.3 -> 0 | B44: =IFERROR(VLOOKUP(D44,PREÇOS!$B$2:$C$32,2,FALSE),0) -> 0.95 | C44: =$A$44*$B$44 -> 0 | D44: Folhado Salgado
A45: =$C$41*0.6 -> 0 | B45: =IFERROR(VLOOKUP(D45,PREÇOS!$B$2:$C$32,2,FALSE),0) -> 0.95 | C45: =$A$45*$B$45 -> 0 | D45: Doce do Dia verificar cardápio
C46: =$A$46*$B$46 -> 0
C47: =$A$47*$B$47 -> 0
A49: Total: | C49: =SUM(C43:C47) -> 0
A51: Refeitório Funcionarios
A52: PAX | C52: 200 | D52: PADARIA
A53: unidades | D53: PÃES SALGADOS
A54: =$C$52*0.9 -> 180 | B54: =IFERROR(VLOOKUP(D54,PREÇOS!$B$2:$C$32,2,FALSE),0) -> 0.65 | C54: =$A$54*$B$54 -> 117 | D54: Pão Francês 50g
A55: =$C$52*0.6 -> 120 | B55: =IFERROR(VLOOKUP(D55,PREÇOS!$B$2:$C$32,2,FALSE),0) -> 0.8 | C55: =$A$55*$B55 -> 96 | D55: Pão de leite 50g
A58: Total: | C58: =SUM(C54:C57) -> 213

Sheet DIA 6
A1: HOTEL NANNAI MURO ALTO
A2: PADARIA / CONFEITARIA
A4: PRODUÇÃO | B4: Dia: 06/06/2026
A5: RESTAURANTE NANNAI
A6: PAX | C6: 200 | D6: PADARIA | F6: ATENÇÃO ALTERAR SOMENTE EM VERMELHO, ALTERAR SOMENTE O NUMERO DE PESSOAS PAX
A8: unidades | B8: VALOR | C8: TOTAL | D8: PÃES SALGADOS
A9: =$C$6*0.9 -> 180 | B9: =IFERROR(VLOOKUP(D9,PREÇOS!$B$2:$C$32,2,FALSE),0) -> 0.4 | C9: =$A$9*$B$9 -> 72 | D9: Mini Pão Francês
A10: =$C$6*0.2 -> 40 | B10: =IFERROR(VLOOKUP(D10,PREÇOS!$B$2:$C$32,2,FALSE),0) -> 0.6 | C10: =$A$10*$B$10 -> 24 | D10: Mini Pão Integral
A11: =$C$6*0.2 -> 40 | B11: =IFERROR(VLOOKUP(D11,PREÇOS!$B$2:$C$32,2,FALSE),0) -> 0.8 | C11: =$A$11*$B$11 -> 32 | D11: Mini Australiano
A12: =$C$6*0.2 -> 40 | B12: =IFERROR(VLOOKUP(D12,PREÇOS!$B$2:$C$32,2,FALSE),0) -> 0.45 | C12: =$A$12*$B$12 -> 18 | D12: Mini Pão Gergilim
A13: =$C$6*0.2 -> 40 | B13: =IFERROR(VLOOKUP(D13,PREÇOS!$B$2:$C$32,2,FALSE),0) -> 0 | C13: =$A$13*$B$13 -> 0 | D13: Mini Pão de Milho ou
A14: =$C$6*0.1 -> 20 | B14: =IFERROR(VLOOKUP(D14,PREÇOS!$B$2:$C$32,2,FALSE),0) -> 0 | C14: =$A$14*$B$14 -> 0 | D14: Mini Baguete Rustica
A15: =$C$6*0.2 -> 40 | B15: =IFERROR(VLOOKUP(D15,PREÇOS!$B$2:$C$32,2,FALSE),0) -> 0.8 | C15: =$A$15*$B$15 -> 32 | D15: Mini Pão Calabresa
A16: =$C$6*0.2 -> 40 | B16: =IFERROR(VLOOKUP(D16,PREÇOS!$B$2:$C$32,2,FALSE),0) -> 0.7 | C16: =$A$16*$B$16 -> 28 | D16: Mini Pão Delicia recheado
A17: =$C$6*0.01 -> 2 | B17: =IFERROR(VLOOKUP(D17,PREÇOS!$B$2:$C$32,2,FALSE),0) -> 1.55 | C17: =$A$17*$B$17 -> 3.1 | D17: Focaccia recheada
A18: =$C$6*0.3 -> 60 | B18: =IFERROR(VLOOKUP(D18,PREÇOS!$B$2:$C$32,2,FALSE),0) -> 0.4 | C18: =$A$18*$B$18 -> 24 | D18: Mini Tiger
A19: =$C$6*0.2 -> 40 | B19: =IFERROR(VLOOKUP(D19,PREÇOS!$B$2:$C$32,2,FALSE),0) -> 0.8 | C19: =$A$19*$B$19 -> 32 | D19: Mini Pão de Frios
A20: =$C$6*0.004 -> 0.8 | B20: =IFERROR(VLOOKUP(D20,PREÇOS!$B$2:$C$32,2,FALSE),0) -> 3 | C20: =$A$20*$B$20 -> 2.4 | D20: Pão de Forma integral
A21: =$C$6*0.009 -> 1.8 | B21: =IFERROR(VLOOKUP(D21,PREÇOS!$B$2:$C$32,2,FALSE),0) -> 2.8 | C21: =$A$21*$B$21 -> 5.04 | D21: Pão de forma Tradicional
A22: =$C$6*0.004 -> 0.8 | B22: =IFERROR(VLOOKUP(D22,PREÇOS!$B$2:$C$32,2,FALSE),0) -> 3 | C22: =$A$22*$B$22 -> 2.4 | D22: Pão de Forma Maritoso
A23: =$C$6*0.04 -> 8 | B23: =IFERROR(VLOOKUP(D23,PREÇOS!$B$2:$C$32,2,FALSE),0) -> 2.6 | C23: =$A$23*$B$23 -> 20.8 | D23: Baguete Francesa 300g
A24: =$C$6*0.04 -> 8 | B24: =IFERROR(VLOOKUP(D24,PREÇOS!$B$2:$C$32,2,FALSE),0) -> 3.8 | C24: =$A$24*$B$24 -> 30.4 | D24: Pães de Decoração Rustico
D25: PÃES DOCES
A26: =$C$6*0.2 -> 40 | B26: =IFERROR(VLOOKUP(D26,PREÇOS!$B$2:$C$32,2,FALSE),0) -> 0.6 | C26: =$A$26*$B$26 -> 24 | D26: Mini Brioche ou Pão de Açucar
A27: =$C$6*0.2 -> 40 | B27: =IFERROR(VLOOKUP(D27,PREÇOS!$B$2:$C$32,2,FALSE),0) -> 0.5 | C27: =$A$27*$B$27 -> 20 | D27: Mini Bisnaguinha
A28: =$C$6*0.1 -> 20 | B28: =IFERROR(VLOOKUP(D28,PREÇOS!$B$2:$C$32,2,FALSE),0) -> 0.75 | C28: =$A$28*$B$28 -> 15 | D28: Mini Pão de coco
A29: =$C$6*0.1 -> 20 | B29: =IFERROR(VLOOKUP(D29,PREÇOS!$B$2:$C$32,2,FALSE),0) -> 0.6 | C29: =$A$29*$B$29 -> 12 | D29: Mini Pão doce
A30: =$C$6*0.2 -> 40 | B30: =IFERROR(VLOOKUP(D30,PREÇOS!$B$2:$C$32,2,FALSE),0) -> 0.8 | C30: =$A$30*$B$30 -> 32 | D30: Mini Donuts
A31: =$C$6*0.2 -> 40 | B31: =IFERROR(VLOOKUP(D31,PREÇOS!$B$2:$C$32,2,FALSE),0) -> 0.8 | C31: =$A$31*$B$31 -> 32 | D31: Mini Sonho
A32: =$C$6*0.2 -> 40 | B32: =IFERROR(VLOOKUP(D32,PREÇOS!$B$2:$C$32,2,FALSE),0) -> 0.85 | C32: =$A$32*$B$32 -> 34 | D32: Mini cookies
D33: FOLHADOS
A34: =$C$6*0.7 -> 140 | B34: =IFERROR(VLOOKUP(D34,PREÇOS!$B$2:$C$32,2,FALSE),0) -> 1.6 | C34: =$A$34*$B$34 -> 224 | D34: Mini Croissant
A35: =$C$6*0.5 -> 100 | B35: =IFERROR(VLOOKUP(D35,PREÇOS!$B$2:$C$32,2,FALSE),0) -> 1.8 | C35: =$A$35*$B$35 -> 180 | D35: Mini Pão de Chocolate
A36: =$C$6*0.5 -> 100 | B36: =IFERROR(VLOOKUP(D36,PREÇOS!$B$2:$C$32,2,FALSE),0) -> 0.95 | C36: =$A$36*$B$36 -> 95 | D36: Mini Folhado Salgado
A38: Total: | C38: =SUM(C9:C37) -> 994.14
A40: Produtos Volantes
A41: PAX | C41: 200 | D41: PADARIA
A42: unidades | D42: Pães salgados e doces
A43: =$C$41*0.7 -> 140 | B43: =IFERROR(VLOOKUP(D43,PREÇOS!$B$2:$C$32,2,FALSE),0) -> 0.63 | C43: =$A$43*$B$43 -> 88.2 | D43: Pão de queijo
A44: =$C$41*0.3 -> 60 | B44: =IFERROR(VLOOKUP(D44,PREÇOS!$B$2:$C$32,2,FALSE),0) -> 0.95 | C44: =$A$44*$B$44 -> 57 | D44: Folhado Salgado
A45: =$C$41*0.6 -> 120 | B45: =IFERROR(VLOOKUP(D45,PREÇOS!$B$2:$C$32,2,FALSE),0) -> 0.95 | C45: =$A$45*$B$45 -> 114 | D45: Doce do Dia verificar cardápio
C46: =$A$46*$B$46 -> 0
C47: =$A$47*$B$47 -> 0
A49: Total: | C49: =SUM(C43:C47) -> 259.2
A51: Refeitório Funcionarios
A52: PAX | C52: 200 | D52: PADARIA
A53: unidades | D53: PÃES SALGADOS
A54: =$C$52*0.9 -> 180 | B54: =IFERROR(VLOOKUP(D54,PREÇOS!$B$2:$C$32,2,FALSE),0) -> 0.65 | C54: =$A$54*$B$54 -> 117 | D54: Pão Francês 50g
A55: =$C$52*0.6 -> 120 | B55: =IFERROR(VLOOKUP(D55,PREÇOS!$B$2:$C$32,2,FALSE),0) -> 0.8 | C55: =$A$55*$B55 -> 96 | D55: Pão de leite 50g
A58: Total: | C58: =SUM(C54:C57) -> 213

Sheet DIA 7
A1: HOTEL NANNAI MURO ALTO
A2: PADARIA / CONFEITARIA
A4: PRODUÇÃO | B4: Dia: 07/06/2026
A5: RESTAURANTE NANNAI
A6: PAX | C6: 0 | D6: PADARIA | F6: ATENÇÃO ALTERAR SOMENTE EM VERMELHO, ALTERAR SOMENTE O NUMERO DE PESSOAS PAX
A8: unidades | B8: VALOR | C8: TOTAL | D8: PÃES SALGADOS
A9: =$C$6*0.9 -> 0 | B9: =IFERROR(VLOOKUP(D9,PREÇOS!$B$2:$C$32,2,FALSE),0) -> 0.4 | C9: =$A$9*$B$9 -> 0 | D9: Mini Pão Francês
A10: =$C$6*0.2 -> 0 | B10: =IFERROR(VLOOKUP(D10,PREÇOS!$B$2:$C$32,2,FALSE),0) -> 0.6 | C10: =$A$10*$B$10 -> 0 | D10: Mini Pão Integral
A11: =$C$6*0.2 -> 0 | B11: =IFERROR(VLOOKUP(D11,PREÇOS!$B$2:$C$32,2,FALSE),0) -> 0.8 | C11: =$A$11*$B$11 -> 0 | D11: Mini Australiano
A12: =$C$6*0.2 -> 0 | B12: =IFERROR(VLOOKUP(D12,PREÇOS!$B$2:$C$32,2,FALSE),0) -> 0.45 | C12: =$A$12*$B$12 -> 0 | D12: Mini Pão Gergilim
A13: =$C$6*0.2 -> 0 | B13: =IFERROR(VLOOKUP(D13,PREÇOS!$B$2:$C$32,2,FALSE),0) -> 0 | C13: =$A$13*$B$13 -> 0 | D13: Mini Pão de Milho ou
A14: =$C$6*0.1 -> 0 | B14: =IFERROR(VLOOKUP(D14,PREÇOS!$B$2:$C$32,2,FALSE),0) -> 0 | C14: =$A$14*$B$14 -> 0 | D14: Mini Baguete Rustica
A15: =$C$6*0.2 -> 0 | B15: =IFERROR(VLOOKUP(D15,PREÇOS!$B$2:$C$32,2,FALSE),0) -> 0.8 | C15: =$A$15*$B$15 -> 0 | D15: Mini Pão Calabresa
A16: =$C$6*0.2 -> 0 | B16: =IFERROR(VLOOKUP(D16,PREÇOS!$B$2:$C$32,2,FALSE),0) -> 0.7 | C16: =$A$16*$B$16 -> 0 | D16: Mini Pão Delicia recheado
A17: =$C$6*0.01 -> 0 | B17: =IFERROR(VLOOKUP(D17,PREÇOS!$B$2:$C$32,2,FALSE),0) -> 1.55 | C17: =$A$17*$B$17 -> 0 | D17: Focaccia recheada
A18: =$C$6*0.3 -> 0 | B18: =IFERROR(VLOOKUP(D18,PREÇOS!$B$2:$C$32,2,FALSE),0) -> 0.4 | C18: =$A$18*$B$18 -> 0 | D18: Mini Tiger
A19: =$C$6*0.2 -> 0 | B19: =IFERROR(VLOOKUP(D19,PREÇOS!$B$2:$C$32,2,FALSE),0) -> 0.8 | C19: =$A$19*$B$19 -> 0 | D19: Mini Pão de Frios
A20: =$C$6*0.004 -> 0 | B20: =IFERROR(VLOOKUP(D20,PREÇOS!$B$2:$C$32,2,FALSE),0) -> 3 | C20: =$A$20*$B$20 -> 0 | D20: Pão de Forma integral
A21: =$C$6*0.009 -> 0 | B21: =IFERROR(VLOOKUP(D21,PREÇOS!$B$2:$C$32,2,FALSE),0) -> 2.8 | C21: =$A$21*$B$21 -> 0 | D21: Pão de forma Tradicional
A22: =$C$6*0.004 -> 0 | B22: =IFERROR(VLOOKUP(D22,PREÇOS!$B$2:$C$32,2,FALSE),0) -> 3 | C22: =$A$22*$B$22 -> 0 | D22: Pão de Forma Maritoso
A23: =$C$6*0.04 -> 0 | B23: =IFERROR(VLOOKUP(D23,PREÇOS!$B$2:$C$32,2,FALSE),0) -> 2.6 | C23: =$A$23*$B$23 -> 0 | D23: Baguete Francesa 300g
A24: =$C$6*0.04 -> 0 | B24: =IFERROR(VLOOKUP(D24,PREÇOS!$B$2:$C$32,2,FALSE),0) -> 3.8 | C24: =$A$24*$B$24 -> 0 | D24: Pães de Decoração Rustico
D25: PÃES DOCES
A26: =$C$6*0.2 -> 0 | B26: =IFERROR(VLOOKUP(D26,PREÇOS!$B$2:$C$32,2,FALSE),0) -> 0.6 | C26: =$A$26*$B$26 -> 0 | D26: Mini Brioche ou Pão de Açucar
A27: =$C$6*0.2 -> 0 | B27: =IFERROR(VLOOKUP(D27,PREÇOS!$B$2:$C$32,2,FALSE),0) -> 0.5 | C27: =$A$27*$B$27 -> 0 | D27: Mini Bisnaguinha
A28: =$C$6*0.1 -> 0 | B28: =IFERROR(VLOOKUP(D28,PREÇOS!$B$2:$C$32,2,FALSE),0) -> 0.75 | C28: =$A$28*$B$28 -> 0 | D28: Mini Pão de coco
A29: =$C$6*0.1 -> 0 | B29: =IFERROR(VLOOKUP(D29,PREÇOS!$B$2:$C$32,2,FALSE),0) -> 0.6 | C29: =$A$29*$B$29 -> 0 | D29: Mini Pão doce
A30: =$C$6*0.2 -> 0 | B30: =IFERROR(VLOOKUP(D30,PREÇOS!$B$2:$C$32,2,FALSE),0) -> 0.8 | C30: =$A$30*$B$30 -> 0 | D30: Mini Donuts
A31: =$C$6*0.2 -> 0 | B31: =IFERROR(VLOOKUP(D31,PREÇOS!$B$2:$C$32,2,FALSE),0) -> 0.8 | C31: =$A$31*$B$31 -> 0 | D31: Mini Sonho
A32: =$C$6*0.2 -> 0 | B32: =IFERROR(VLOOKUP(D32,PREÇOS!$B$2:$C$32,2,FALSE),0) -> 0.85 | C32: =$A$32*$B$32 -> 0 | D32: Mini cookies
D33: FOLHADOS
A34: =$C$6*0.7 -> 0 | B34: =IFERROR(VLOOKUP(D34,PREÇOS!$B$2:$C$32,2,FALSE),0) -> 1.6 | C34: =$A$34*$B$34 -> 0 | D34: Mini Croissant
A35: =$C$6*0.5 -> 0 | B35: =IFERROR(VLOOKUP(D35,PREÇOS!$B$2:$C$32,2,FALSE),0) -> 1.8 | C35: =$A$35*$B$35 -> 0 | D35: Mini Pão de Chocolate
A36: =$C$6*0.5 -> 0 | B36: =IFERROR(VLOOKUP(D36,PREÇOS!$B$2:$C$32,2,FALSE),0) -> 0.95 | C36: =$A$36*$B$36 -> 0 | D36: Mini Folhado Salgado
A38: Total: | C38: =SUM(C9:C37) -> 0
A40: Produtos Volantes
A41: PAX | C41: 0 | D41: PADARIA
A42: unidades | D42: Pães salgados e doces
A43: =$C$41*0.7 -> 0 | B43: =IFERROR(VLOOKUP(D43,PREÇOS!$B$2:$C$32,2,FALSE),0) -> 0.63 | C43: =$A$43*$B$43 -> 0 | D43: Pão de queijo
A44: =$C$41*0.3 -> 0 | B44: =IFERROR(VLOOKUP(D44,PREÇOS!$B$2:$C$32,2,FALSE),0) -> 0.95 | C44: =$A$44*$B$44 -> 0 | D44: Folhado Salgado
A45: =$C$41*0.6 -> 0 | B45: =IFERROR(VLOOKUP(D45,PREÇOS!$B$2:$C$32,2,FALSE),0) -> 0.95 | C45: =$A$45*$B$45 -> 0 | D45: Doce do Dia verificar cardápio
C46: =$A$46*$B$46 -> 0
C47: =$A$47*$B$47 -> 0
A49: Total: | C49: =SUM(C43:C47) -> 0
A51: Refeitório Funcionarios
A52: PAX | C52: 200 | D52: PADARIA
A53: unidades | D53: PÃES SALGADOS
A54: =$C$52*0.9 -> 180 | B54: =IFERROR(VLOOKUP(D54,PREÇOS!$B$2:$C$32,2,FALSE),0) -> 0.65 | C54: =$A$54*$B$54 -> 117 | D54: Pão Francês 50g
A55: =$C$52*0.6 -> 120 | B55: =IFERROR(VLOOKUP(D55,PREÇOS!$B$2:$C$32,2,FALSE),0) -> 0.8 | C55: =$A$55*$B55 -> 96 | D55: Pão de leite 50g
A58: Total: | C58: =SUM(C54:C57) -> 213

Sheet DIA 8
A1: HOTEL NANNAI MURO ALTO
A2: PADARIA / CONFEITARIA
A4: PRODUÇÃO | B4: Dia: 08/06/2026
A5: RESTAURANTE NANNAI
A6: PAX | C6: 0 | D6: PADARIA | F6: ATENÇÃO ALTERAR SOMENTE EM VERMELHO, ALTERAR SOMENTE O NUMERO DE PESSOAS PAX
A8: unidades | B8: VALOR | C8: TOTAL | D8: PÃES SALGADOS
A9: =$C$6*0.9 -> 0 | B9: =IFERROR(VLOOKUP(D9,PREÇOS!$B$2:$C$32,2,FALSE),0) -> 0.4 | C9: =$A$9*$B$9 -> 0 | D9: Mini Pão Francês
A10: =$C$6*0.2 -> 0 | B10: =IFERROR(VLOOKUP(D10,PREÇOS!$B$2:$C$32,2,FALSE),0) -> 0.6 | C10: =$A$10*$B$10 -> 0 | D10: Mini Pão Integral
A11: =$C$6*0.2 -> 0 | B11: =IFERROR(VLOOKUP(D11,PREÇOS!$B$2:$C$32,2,FALSE),0) -> 0.8 | C11: =$A$11*$B$11 -> 0 | D11: Mini Australiano
A12: =$C$6*0.2 -> 0 | B12: =IFERROR(VLOOKUP(D12,PREÇOS!$B$2:$C$32,2,FALSE),0) -> 0.45 | C12: =$A$12*$B$12 -> 0 | D12: Mini Pão Gergilim
A13: =$C$6*0.2 -> 0 | B13: =IFERROR(VLOOKUP(D13,PREÇOS!$B$2:$C$32,2,FALSE),0) -> 0 | C13: =$A$13*$B$13 -> 0 | D13: Mini Pão de Milho ou
A14: =$C$6*0.1 -> 0 | B14: =IFERROR(VLOOKUP(D14,PREÇOS!$B$2:$C$32,2,FALSE),0) -> 0 | C14: =$A$14*$B$14 -> 0 | D14: Mini Baguete Rustica
A15: =$C$6*0.2 -> 0 | B15: =IFERROR(VLOOKUP(D15,PREÇOS!$B$2:$C$32,2,FALSE),0) -> 0.8 | C15: =$A$15*$B$15 -> 0 | D15: Mini Pão Calabresa
A16: =$C$6*0.2 -> 0 | B16: =IFERROR(VLOOKUP(D16,PREÇOS!$B$2:$C$32,2,FALSE),0) -> 0.7 | C16: =$A$16*$B$16 -> 0 | D16: Mini Pão Delicia recheado
A17: =$C$6*0.01 -> 0 | B17: =IFERROR(VLOOKUP(D17,PREÇOS!$B$2:$C$32,2,FALSE),0) -> 1.55 | C17: =$A$17*$B$17 -> 0 | D17: Focaccia recheada
A18: =$C$6*0.3 -> 0 | B18: =IFERROR(VLOOKUP(D18,PREÇOS!$B$2:$C$32,2,FALSE),0) -> 0.4 | C18: =$A$18*$B$18 -> 0 | D18: Mini Tiger
A19: =$C$6*0.2 -> 0 | B19: =IFERROR(VLOOKUP(D19,PREÇOS!$B$2:$C$32,2,FALSE),0) -> 0.8 | C19: =$A$19*$B$19 -> 0 | D19: Mini Pão de Frios
A20: =$C$6*0.004 -> 0 | B20: =IFERROR(VLOOKUP(D20,PREÇOS!$B$2:$C$32,2,FALSE),0) -> 3 | C20: =$A$20*$B$20 -> 0 | D20: Pão de Forma integral
A21: =$C$6*0.009 -> 0 | B21: =IFERROR(VLOOKUP(D21,PREÇOS!$B$2:$C$32,2,FALSE),0) -> 2.8 | C21: =$A$21*$B$21 -> 0 | D21: Pão de forma Tradicional
A22: =$C$6*0.004 -> 0 | B22: =IFERROR(VLOOKUP(D22,PREÇOS!$B$2:$C$32,2,FALSE),0) -> 3 | C22: =$A$22*$B$22 -> 0 | D22: Pão de Forma Maritoso
A23: =$C$6*0.04 -> 0 | B23: =IFERROR(VLOOKUP(D23,PREÇOS!$B$2:$C$32,2,FALSE),0) -> 2.6 | C23: =$A$23*$B$23 -> 0 | D23: Baguete Francesa 300g
A24: =$C$6*0.04 -> 0 | B24: =IFERROR(VLOOKUP(D24,PREÇOS!$B$2:$C$32,2,FALSE),0) -> 3.8 | C24: =$A$24*$B$24 -> 0 | D24: Pães de Decoração Rustico
D25: PÃES DOCES
A26: =$C$6*0.2 -> 0 | B26: =IFERROR(VLOOKUP(D26,PREÇOS!$B$2:$C$32,2,FALSE),0) -> 0.6 | C26: =$A$26*$B$26 -> 0 | D26: Mini Brioche ou Pão de Açucar
A27: =$C$6*0.2 -> 0 | B27: =IFERROR(VLOOKUP(D27,PREÇOS!$B$2:$C$32,2,FALSE),0) -> 0.5 | C27: =$A$27*$B$27 -> 0 | D27: Mini Bisnaguinha
A28: =$C$6*0.1 -> 0 | B28: =IFERROR(VLOOKUP(D28,PREÇOS!$B$2:$C$32,2,FALSE),0) -> 0.75 | C28: =$A$28*$B$28 -> 0 | D28: Mini Pão de coco
A29: =$C$6*0.1 -> 0 | B29: =IFERROR(VLOOKUP(D29,PREÇOS!$B$2:$C$32,2,FALSE),0) -> 0.6 | C29: =$A$29*$B$29 -> 0 | D29: Mini Pão doce
A30: =$C$6*0.2 -> 0 | B30: =IFERROR(VLOOKUP(D30,PREÇOS!$B$2:$C$32,2,FALSE),0) -> 0.8 | C30: =$A$30*$B$30 -> 0 | D30: Mini Donuts
A31: =$C$6*0.2 -> 0 | B31: =IFERROR(VLOOKUP(D31,PREÇOS!$B$2:$C$32,2,FALSE),0) -> 0.8 | C31: =$A$31*$B$31 -> 0 | D31: Mini Sonho
A32: =$C$6*0.2 -> 0 | B32: =IFERROR(VLOOKUP(D32,PREÇOS!$B$2:$C$32,2,FALSE),0) -> 0.85 | C32: =$A$32*$B$32 -> 0 | D32: Mini cookies
D33: FOLHADOS
A34: =$C$6*0.7 -> 0 | B34: =IFERROR(VLOOKUP(D34,PREÇOS!$B$2:$C$32,2,FALSE),0) -> 1.6 | C34: =$A$34*$B$34 -> 0 | D34: Mini Croissant
A35: =$C$6*0.5 -> 0 | B35: =IFERROR(VLOOKUP(D35,PREÇOS!$B$2:$C$32,2,FALSE),0) -> 1.8 | C35: =$A$35*$B$35 -> 0 | D35: Mini Pão de Chocolate
A36: =$C$6*0.5 -> 0 | B36: =IFERROR(VLOOKUP(D36,PREÇOS!$B$2:$C$32,2,FALSE),0) -> 0.95 | C36: =$A$36*$B$36 -> 0 | D36: Mini Folhado Salgado
A38: Total: | C38: =SUM(C9:C37) -> 0
A40: Produtos Volantes
A41: PAX | C41: 0 | D41: PADARIA
A42: unidades | D42: Pães salgados e doces
A43: =$C$41*0.7 -> 0 | B43: =IFERROR(VLOOKUP(D43,PREÇOS!$B$2:$C$32,2,FALSE),0) -> 0.63 | C43: =$A$43*$B$43 -> 0 | D43: Pão de queijo
A44: =$C$41*0.3 -> 0 | B44: =IFERROR(VLOOKUP(D44,PREÇOS!$B$2:$C$32,2,FALSE),0) -> 0.95 | C44: =$A$44*$B$44 -> 0 | D44: Folhado Salgado
A45: =$C$41*0.6 -> 0 | B45: =IFERROR(VLOOKUP(D45,PREÇOS!$B$2:$C$32,2,FALSE),0) -> 0.95 | C45: =$A$45*$B$45 -> 0 | D45: Doce do Dia verificar cardápio
C46: =$A$46*$B$46 -> 0
C47: =$A$47*$B$47 -> 0
A49: Total: | C49: =SUM(C43:C47) -> 0
A51: Refeitório Funcionarios
A52: PAX | C52: 200 | D52: PADARIA
A53: unidades | D53: PÃES SALGADOS
A54: =$C$52*0.9 -> 180 | B54: =IFERROR(VLOOKUP(D54,PREÇOS!$B$2:$C$32,2,FALSE),0) -> 0.65 | C54: =$A$54*$B$54 -> 117 | D54: Pão Francês 50g
A55: =$C$52*0.6 -> 120 | B55: =IFERROR(VLOOKUP(D55,PREÇOS!$B$2:$C$32,2,FALSE),0) -> 0.8 | C55: =$A$55*$B55 -> 96 | D55: Pão de leite 50g
A58: Total: | C58: =SUM(C54:C57) -> 213

Sheet DIA 9
A1: HOTEL NANNAI MURO ALTO
A2: PADARIA / CONFEITARIA
A4: PRODUÇÃO | B4: Dia: 09/06/2026
A5: RESTAURANTE NANNAI
A6: PAX | C6: 0 | D6: PADARIA | F6: ATENÇÃO ALTERAR SOMENTE EM VERMELHO, ALTERAR SOMENTE O NUMERO DE PESSOAS PAX
A8: unidades | B8: VALOR | C8: TOTAL | D8: PÃES SALGADOS
A9: =$C$6*0.9 -> 0 | B9: =IFERROR(VLOOKUP(D9,PREÇOS!$B$2:$C$32,2,FALSE),0) -> 0.4 | C9: =$A$9*$B$9 -> 0 | D9: Mini Pão Francês
A10: =$C$6*0.2 -> 0 | B10: =IFERROR(VLOOKUP(D10,PREÇOS!$B$2:$C$32,2,FALSE),0) -> 0.6 | C10: =$A$10*$B$10 -> 0 | D10: Mini Pão Integral
A11: =$C$6*0.2 -> 0 | B11: =IFERROR(VLOOKUP(D11,PREÇOS!$B$2:$C$32,2,FALSE),0) -> 0.8 | C11: =$A$11*$B$11 -> 0 | D11: Mini Australiano
A12: =$C$6*0.2 -> 0 | B12: =IFERROR(VLOOKUP(D12,PREÇOS!$B$2:$C$32,2,FALSE),0) -> 0.45 | C12: =$A$12*$B$12 -> 0 | D12: Mini Pão Gergilim
A13: =$C$6*0.2 -> 0 | B13: =IFERROR(VLOOKUP(D13,PREÇOS!$B$2:$C$32,2,FALSE),0) -> 0 | C13: =$A$13*$B$13 -> 0 | D13: Mini Pão de Milho ou
A14: =$C$6*0.1 -> 0 | B14: =IFERROR(VLOOKUP(D14,PREÇOS!$B$2:$C$32,2,FALSE),0) -> 0 | C14: =$A$14*$B$14 -> 0 | D14: Mini Baguete Rustica
A15: =$C$6*0.2 -> 0 | B15: =IFERROR(VLOOKUP(D15,PREÇOS!$B$2:$C$32,2,FALSE),0) -> 0.8 | C15: =$A$15*$B$15 -> 0 | D15: Mini Pão Calabresa
A16: =$C$6*0.2 -> 0 | B16: =IFERROR(VLOOKUP(D16,PREÇOS!$B$2:$C$32,2,FALSE),0) -> 0.7 | C16: =$A$16*$B$16 -> 0 | D16: Mini Pão Delicia recheado
A17: =$C$6*0.01 -> 0 | B17: =IFERROR(VLOOKUP(D17,PREÇOS!$B$2:$C$32,2,FALSE),0) -> 1.55 | C17: =$A$17*$B$17 -> 0 | D17: Focaccia recheada
A18: =$C$6*0.3 -> 0 | B18: =IFERROR(VLOOKUP(D18,PREÇOS!$B$2:$C$32,2,FALSE),0) -> 0.4 | C18: =$A$18*$B$18 -> 0 | D18: Mini Tiger
A19: =$C$6*0.2 -> 0 | B19: =IFERROR(VLOOKUP(D19,PREÇOS!$B$2:$C$32,2,FALSE),0) -> 0.8 | C19: =$A$19*$B$19 -> 0 | D19: Mini Pão de Frios
A20: =$C$6*0.004 -> 0 | B20: =IFERROR(VLOOKUP(D20,PREÇOS!$B$2:$C$32,2,FALSE),0) -> 3 | C20: =$A$20*$B$20 -> 0 | D20: Pão de Forma integral
A21: =$C$6*0.009 -> 0 | B21: =IFERROR(VLOOKUP(D21,PREÇOS!$B$2:$C$32,2,FALSE),0) -> 2.8 | C21: =$A$21*$B$21 -> 0 | D21: Pão de forma Tradicional
A22: =$C$6*0.004 -> 0 | B22: =IFERROR(VLOOKUP(D22,PREÇOS!$B$2:$C$32,2,FALSE),0) -> 3 | C22: =$A$22*$B$22 -> 0 | D22: Pão de Forma Maritoso
A23: =$C$6*0.04 -> 0 | B23: =IFERROR(VLOOKUP(D23,PREÇOS!$B$2:$C$32,2,FALSE),0) -> 2.6 | C23: =$A$23*$B$23 -> 0 | D23: Baguete Francesa 300g
A24: =$C$6*0.04 -> 0 | B24: =IFERROR(VLOOKUP(D24,PREÇOS!$B$2:$C$32,2,FALSE),0) -> 3.8 | C24: =$A$24*$B$24 -> 0 | D24: Pães de Decoração Rustico
D25: PÃES DOCES
A26: =$C$6*0.2 -> 0 | B26: =IFERROR(VLOOKUP(D26,PREÇOS!$B$2:$C$32,2,FALSE),0) -> 0.6 | C26: =$A$26*$B$26 -> 0 | D26: Mini Brioche ou Pão de Açucar
A27: =$C$6*0.2 -> 0 | B27: =IFERROR(VLOOKUP(D27,PREÇOS!$B$2:$C$32,2,FALSE),0) -> 0.5 | C27: =$A$27*$B$27 -> 0 | D27: Mini Bisnaguinha
A28: =$C$6*0.1 -> 0 | B28: =IFERROR(VLOOKUP(D28,PREÇOS!$B$2:$C$32,2,FALSE),0) -> 0.75 | C28: =$A$28*$B$28 -> 0 | D28: Mini Pão de coco
A29: =$C$6*0.1 -> 0 | B29: =IFERROR(VLOOKUP(D29,PREÇOS!$B$2:$C$32,2,FALSE),0) -> 0.6 | C29: =$A$29*$B$29 -> 0 | D29: Mini Pão doce
A30: =$C$6*0.2 -> 0 | B30: =IFERROR(VLOOKUP(D30,PREÇOS!$B$2:$C$32,2,FALSE),0) -> 0.8 | C30: =$A$30*$B$30 -> 0 | D30: Mini Donuts
A31: =$C$6*0.2 -> 0 | B31: =IFERROR(VLOOKUP(D31,PREÇOS!$B$2:$C$32,2,FALSE),0) -> 0.8 | C31: =$A$31*$B$31 -> 0 | D31: Mini Sonho
A32: =$C$6*0.2 -> 0 | B32: =IFERROR(VLOOKUP(D32,PREÇOS!$B$2:$C$32,2,FALSE),0) -> 0.85 | C32: =$A$32*$B$32 -> 0 | D32: Mini cookies
D33: FOLHADOS
A34: =$C$6*0.7 -> 0 | B34: =IFERROR(VLOOKUP(D34,PREÇOS!$B$2:$C$32,2,FALSE),0) -> 1.6 | C34: =$A$34*$B$34 -> 0 | D34: Mini Croissant
A35: =$C$6*0.5 -> 0 | B35: =IFERROR(VLOOKUP(D35,PREÇOS!$B$2:$C$32,2,FALSE),0) -> 1.8 | C35: =$A$35*$B$35 -> 0 | D35: Mini Pão de Chocolate
A36: =$C$6*0.5 -> 0 | B36: =IFERROR(VLOOKUP(D36,PREÇOS!$B$2:$C$32,2,FALSE),0) -> 0.95 | C36: =$A$36*$B$36 -> 0 | D36: Mini Folhado Salgado
A38: Total: | C38: =SUM(C9:C37) -> 0
A40: Produtos Volantes
A41: PAX | C41: 0 | D41: PADARIA
A42: unidades | D42: Pães salgados e doces
A43: =$C$41*0.7 -> 0 | B43: =IFERROR(VLOOKUP(D43,PREÇOS!$B$2:$C$32,2,FALSE),0) -> 0.63 | C43: =$A$43*$B$43 -> 0 | D43: Pão de queijo
A44: =$C$41*0.3 -> 0 | B44: =IFERROR(VLOOKUP(D44,PREÇOS!$B$2:$C$32,2,FALSE),0) -> 0.95 | C44: =$A$44*$B$44 -> 0 | D44: Folhado Salgado
A45: =$C$41*0.6 -> 0 | B45: =IFERROR(VLOOKUP(D45,PREÇOS!$B$2:$C$32,2,FALSE),0) -> 0.95 | C45: =$A$45*$B$45 -> 0 | D45: Doce do Dia verificar cardápio
C46: =$A$46*$B$46 -> 0
C47: =$A$47*$B$47 -> 0
A49: Total: | C49: =SUM(C43:C47) -> 0
A51: Refeitório Funcionarios
A52: PAX | C52: 200 | D52: PADARIA
A53: unidades | D53: PÃES SALGADOS
A54: =$C$52*0.9 -> 180 | B54: =IFERROR(VLOOKUP(D54,PREÇOS!$B$2:$C$32,2,FALSE),0) -> 0.65 | C54: =$A$54*$B$54 -> 117 | D54: Pão Francês 50g
A55: =$C$52*0.6 -> 120 | B55: =IFERROR(VLOOKUP(D55,PREÇOS!$B$2:$C$32,2,FALSE),0) -> 0.8 | C55: =$A$55*$B55 -> 96 | D55: Pão de leite 50g
A58: Total: | C58: =SUM(C54:C57) -> 213

Sheet DIA 10
A1: HOTEL NANNAI MURO ALTO
A2: PADARIA / CONFEITARIA
A4: PRODUÇÃO | B4: Dia: 10/06/2026
A5: RESTAURANTE NANNAI
A6: PAX | C6: 0 | D6: PADARIA | F6: ATENÇÃO ALTERAR SOMENTE EM VERMELHO, ALTERAR SOMENTE O NUMERO DE PESSOAS PAX
A8: unidades | B8: VALOR | C8: TOTAL | D8: PÃES SALGADOS
A9: =$C$6*0.9 -> 0 | B9: =IFERROR(VLOOKUP(D9,PREÇOS!$B$2:$C$32,2,FALSE),0) -> 0.4 | C9: =$A$9*$B$9 -> 0 | D9: Mini Pão Francês
A10: =$C$6*0.2 -> 0 | B10: =IFERROR(VLOOKUP(D10,PREÇOS!$B$2:$C$32,2,FALSE),0) -> 0.6 | C10: =$A$10*$B$10 -> 0 | D10: Mini Pão Integral
A11: =$C$6*0.2 -> 0 | B11: =IFERROR(VLOOKUP(D11,PREÇOS!$B$2:$C$32,2,FALSE),0) -> 0.8 | C11: =$A$11*$B$11 -> 0 | D11: Mini Australiano
A12: =$C$6*0.2 -> 0 | B12: =IFERROR(VLOOKUP(D12,PREÇOS!$B$2:$C$32,2,FALSE),0) -> 0.45 | C12: =$A$12*$B$12 -> 0 | D12: Mini Pão Gergilim
A13: =$C$6*0.2 -> 0 | B13: =IFERROR(VLOOKUP(D13,PREÇOS!$B$2:$C$32,2,FALSE),0) -> 0 | C13: =$A$13*$B$13 -> 0 | D13: Mini Pão de Milho ou
A14: =$C$6*0.1 -> 0 | B14: =IFERROR(VLOOKUP(D14,PREÇOS!$B$2:$C$32,2,FALSE),0) -> 0 | C14: =$A$14*$B$14 -> 0 | D14: Mini Baguete Rustica
A15: =$C$6*0.2 -> 0 | B15: =IFERROR(VLOOKUP(D15,PREÇOS!$B$2:$C$32,2,FALSE),0) -> 0.8 | C15: =$A$15*$B$15 -> 0 | D15: Mini Pão Calabresa
A16: =$C$6*0.2 -> 0 | B16: =IFERROR(VLOOKUP(D16,PREÇOS!$B$2:$C$32,2,FALSE),0) -> 0.7 | C16: =$A$16*$B$16 -> 0 | D16: Mini Pão Delicia recheado
A17: =$C$6*0.01 -> 0 | B17: =IFERROR(VLOOKUP(D17,PREÇOS!$B$2:$C$32,2,FALSE),0) -> 1.55 | C17: =$A$17*$B$17 -> 0 | D17: Focaccia recheada
A18: =$C$6*0.3 -> 0 | B18: =IFERROR(VLOOKUP(D18,PREÇOS!$B$2:$C$32,2,FALSE),0) -> 0.4 | C18: =$A$18*$B$18 -> 0 | D18: Mini Tiger
A19: =$C$6*0.2 -> 0 | B19: =IFERROR(VLOOKUP(D19,PREÇOS!$B$2:$C$32,2,FALSE),0) -> 0.8 | C19: =$A$19*$B$19 -> 0 | D19: Mini Pão de Frios
A20: =$C$6*0.004 -> 0 | B20: =IFERROR(VLOOKUP(D20,PREÇOS!$B$2:$C$32,2,FALSE),0) -> 3 | C20: =$A$20*$B$20 -> 0 | D20: Pão de Forma integral
A21: =$C$6*0.009 -> 0 | B21: =IFERROR(VLOOKUP(D21,PREÇOS!$B$2:$C$32,2,FALSE),0) -> 2.8 | C21: =$A$21*$B$21 -> 0 | D21: Pão de forma Tradicional
A22: =$C$6*0.004 -> 0 | B22: =IFERROR(VLOOKUP(D22,PREÇOS!$B$2:$C$32,2,FALSE),0) -> 3 | C22: =$A$22*$B$22 -> 0 | D22: Pão de Forma Maritoso
A23: =$C$6*0.04 -> 0 | B23: =IFERROR(VLOOKUP(D23,PREÇOS!$B$2:$C$32,2,FALSE),0) -> 2.6 | C23: =$A$23*$B$23 -> 0 | D23: Baguete Francesa 300g
A24: =$C$6*0.04 -> 0 | B24: =IFERROR(VLOOKUP(D24,PREÇOS!$B$2:$C$32,2,FALSE),0) -> 3.8 | C24: =$A$24*$B$24 -> 0 | D24: Pães de Decoração Rustico
D25: PÃES DOCES
A26: =$C$6*0.2 -> 0 | B26: =IFERROR(VLOOKUP(D26,PREÇOS!$B$2:$C$32,2,FALSE),0) -> 0.6 | C26: =$A$26*$B$26 -> 0 | D26: Mini Brioche ou Pão de Açucar
A27: =$C$6*0.2 -> 0 | B27: =IFERROR(VLOOKUP(D27,PREÇOS!$B$2:$C$32,2,FALSE),0) -> 0.5 | C27: =$A$27*$B$27 -> 0 | D27: Mini Bisnaguinha
A28: =$C$6*0.1 -> 0 | B28: =IFERROR(VLOOKUP(D28,PREÇOS!$B$2:$C$32,2,FALSE),0) -> 0.75 | C28: =$A$28*$B$28 -> 0 | D28: Mini Pão de coco
A29: =$C$6*0.1 -> 0 | B29: =IFERROR(VLOOKUP(D29,PREÇOS!$B$2:$C$32,2,FALSE),0) -> 0.6 | C29: =$A$29*$B$29 -> 0 | D29: Mini Pão doce
A30: =$C$6*0.2 -> 0 | B30: =IFERROR(VLOOKUP(D30,PREÇOS!$B$2:$C$32,2,FALSE),0) -> 0.8 | C30: =$A$30*$B$30 -> 0 | D30: Mini Donuts
A31: =$C$6*0.2 -> 0 | B31: =IFERROR(VLOOKUP(D31,PREÇOS!$B$2:$C$32,2,FALSE),0) -> 0.8 | C31: =$A$31*$B$31 -> 0 | D31: Mini Sonho
A32: =$C$6*0.2 -> 0 | B32: =IFERROR(VLOOKUP(D32,PREÇOS!$B$2:$C$32,2,FALSE),0) -> 0.85 | C32: =$A$32*$B$32 -> 0 | D32: Mini cookies
D33: FOLHADOS
A34: =$C$6*0.7 -> 0 | B34: =IFERROR(VLOOKUP(D34,PREÇOS!$B$2:$C$32,2,FALSE),0) -> 1.6 | C34: =$A$34*$B$34 -> 0 | D34: Mini Croissant
A35: =$C$6*0.5 -> 0 | B35: =IFERROR(VLOOKUP(D35,PREÇOS!$B$2:$C$32,2,FALSE),0) -> 1.8 | C35: =$A$35*$B$35 -> 0 | D35: Mini Pão de Chocolate
A36: =$C$6*0.5 -> 0 | B36: =IFERROR(VLOOKUP(D36,PREÇOS!$B$2:$C$32,2,FALSE),0) -> 0.95 | C36: =$A$36*$B$36 -> 0 | D36: Mini Folhado Salgado
A38: Total: | C38: =SUM(C9:C37) -> 0
A40: Produtos Volantes
A41: PAX | C41: 0 | D41: PADARIA
A42: unidades | D42: Pães salgados e doces
A43: =$C$41*0.7 -> 0 | B43: =IFERROR(VLOOKUP(D43,PREÇOS!$B$2:$C$32,2,FALSE),0) -> 0.63 | C43: =$A$43*$B$43 -> 0 | D43: Pão de queijo
A44: =$C$41*0.3 -> 0 | B44: =IFERROR(VLOOKUP(D44,PREÇOS!$B$2:$C$32,2,FALSE),0) -> 0.95 | C44: =$A$44*$B$44 -> 0 | D44: Folhado Salgado
A45: =$C$41*0.6 -> 0 | B45: =IFERROR(VLOOKUP(D45,PREÇOS!$B$2:$C$32,2,FALSE),0) -> 0.95 | C45: =$A$45*$B$45 -> 0 | D45: Doce do Dia verificar cardápio
C46: =$A$46*$B$46 -> 0
C47: =$A$47*$B$47 -> 0
A49: Total: | C49: =SUM(C43:C47) -> 0
A51: Refeitório Funcionarios
A52: PAX | C52: 200 | D52: PADARIA
A53: unidades | D53: PÃES SALGADOS
A54: =$C$52*0.9 -> 180 | B54: =IFERROR(VLOOKUP(D54,PREÇOS!$B$2:$C$32,2,FALSE),0) -> 0.65 | C54: =$A$54*$B$54 -> 117 | D54: Pão Francês 50g
A55: =$C$52*0.6 -> 120 | B55: =IFERROR(VLOOKUP(D55,PREÇOS!$B$2:$C$32,2,FALSE),0) -> 0.8 | C55: =$A$55*$B55 -> 96 | D55: Pão de leite 50g
A58: Total: | C58: =SUM(C54:C57) -> 213

Sheet DIA 11
A1: HOTEL NANNAI MURO ALTO
A2: PADARIA / CONFEITARIA
A4: PRODUÇÃO | B4: Dia: 11/06/2026
A5: RESTAURANTE NANNAI
A6: PAX | C6: 0 | D6: PADARIA | F6: ATENÇÃO ALTERAR SOMENTE EM VERMELHO, ALTERAR SOMENTE O NUMERO DE PESSOAS PAX
A8: unidades | B8: VALOR | C8: TOTAL | D8: PÃES SALGADOS
A9: =$C$6*0.9 -> 0 | B9: =IFERROR(VLOOKUP(D9,PREÇOS!$B$2:$C$32,2,FALSE),0) -> 0.4 | C9: =$A$9*$B$9 -> 0 | D9: Mini Pão Francês
A10: =$C$6*0.2 -> 0 | B10: =IFERROR(VLOOKUP(D10,PREÇOS!$B$2:$C$32,2,FALSE),0) -> 0.6 | C10: =$A$10*$B$10 -> 0 | D10: Mini Pão Integral
A11: =$C$6*0.2 -> 0 | B11: =IFERROR(VLOOKUP(D11,PREÇOS!$B$2:$C$32,2,FALSE),0) -> 0.8 | C11: =$A$11*$B$11 -> 0 | D11: Mini Australiano
A12: =$C$6*0.2 -> 0 | B12: =IFERROR(VLOOKUP(D12,PREÇOS!$B$2:$C$32,2,FALSE),0) -> 0.45 | C12: =$A$12*$B$12 -> 0 | D12: Mini Pão Gergilim
A13: =$C$6*0.2 -> 0 | B13: =IFERROR(VLOOKUP(D13,PREÇOS!$B$2:$C$32,2,FALSE),0) -> 0 | C13: =$A$13*$B$13 -> 0 | D13: Mini Pão de Milho ou
A14: =$C$6*0.1 -> 0 | B14: =IFERROR(VLOOKUP(D14,PREÇOS!$B$2:$C$32,2,FALSE),0) -> 0 | C14: =$A$14*$B$14 -> 0 | D14: Mini Baguete Rustica
A15: =$C$6*0.2 -> 0 | B15: =IFERROR(VLOOKUP(D15,PREÇOS!$B$2:$C$32,2,FALSE),0) -> 0.8 | C15: =$A$15*$B$15 -> 0 | D15: Mini Pão Calabresa
A16: =$C$6*0.2 -> 0 | B16: =IFERROR(VLOOKUP(D16,PREÇOS!$B$2:$C$32,2,FALSE),0) -> 0.7 | C16: =$A$16*$B$16 -> 0 | D16: Mini Pão Delicia recheado
A17: =$C$6*0.01 -> 0 | B17: =IFERROR(VLOOKUP(D17,PREÇOS!$B$2:$C$32,2,FALSE),0) -> 1.55 | C17: =$A$17*$B$17 -> 0 | D17: Focaccia recheada
A18: =$C$6*0.3 -> 0 | B18: =IFERROR(VLOOKUP(D18,PREÇOS!$B$2:$C$32,2,FALSE),0) -> 0.4 | C18: =$A$18*$B$18 -> 0 | D18: Mini Tiger
A19: =$C$6*0.2 -> 0 | B19: =IFERROR(VLOOKUP(D19,PREÇOS!$B$2:$C$32,2,FALSE),0) -> 0.8 | C19: =$A$19*$B$19 -> 0 | D19: Mini Pão de Frios
A20: =$C$6*0.004 -> 0 | B20: =IFERROR(VLOOKUP(D20,PREÇOS!$B$2:$C$32,2,FALSE),0) -> 3 | C20: =$A$20*$B$20 -> 0 | D20: Pão de Forma integral
A21: =$C$6*0.009 -> 0 | B21: =IFERROR(VLOOKUP(D21,PREÇOS!$B$2:$C$32,2,FALSE),0) -> 2.8 | C21: =$A$21*$B$21 -> 0 | D21: Pão de forma Tradicional
A22: =$C$6*0.004 -> 0 | B22: =IFERROR(VLOOKUP(D22,PREÇOS!$B$2:$C$32,2,FALSE),0) -> 3 | C22: =$A$22*$B$22 -> 0 | D22: Pão de Forma Maritoso
A23: =$C$6*0.04 -> 0 | B23: =IFERROR(VLOOKUP(D23,PREÇOS!$B$2:$C$32,2,FALSE),0) -> 2.6 | C23: =$A$23*$B$23 -> 0 | D23: Baguete Francesa 300g
A24: =$C$6*0.04 -> 0 | B24: =IFERROR(VLOOKUP(D24,PREÇOS!$B$2:$C$32,2,FALSE),0) -> 3.8 | C24: =$A$24*$B$24 -> 0 | D24: Pães de Decoração Rustico
D25: PÃES DOCES
A26: =$C$6*0.2 -> 0 | B26: =IFERROR(VLOOKUP(D26,PREÇOS!$B$2:$C$32,2,FALSE),0) -> 0.6 | C26: =$A$26*$B$26 -> 0 | D26: Mini Brioche ou Pão de Açucar
A27: =$C$6*0.2 -> 0 | B27: =IFERROR(VLOOKUP(D27,PREÇOS!$B$2:$C$32,2,FALSE),0) -> 0.5 | C27: =$A$27*$B$27 -> 0 | D27: Mini Bisnaguinha
A28: =$C$6*0.1 -> 0 | B28: =IFERROR(VLOOKUP(D28,PREÇOS!$B$2:$C$32,2,FALSE),0) -> 0.75 | C28: =$A$28*$B$28 -> 0 | D28: Mini Pão de coco
A29: =$C$6*0.1 -> 0 | B29: =IFERROR(VLOOKUP(D29,PREÇOS!$B$2:$C$32,2,FALSE),0) -> 0.6 | C29: =$A$29*$B$29 -> 0 | D29: Mini Pão doce
A30: =$C$6*0.2 -> 0 | B30: =IFERROR(VLOOKUP(D30,PREÇOS!$B$2:$C$32,2,FALSE),0) -> 0.8 | C30: =$A$30*$B$30 -> 0 | D30: Mini Donuts
A31: =$C$6*0.2 -> 0 | B31: =IFERROR(VLOOKUP(D31,PREÇOS!$B$2:$C$32,2,FALSE),0) -> 0.8 | C31: =$A$31*$B$31 -> 0 | D31: Mini Sonho
A32: =$C$6*0.2 -> 0 | B32: =IFERROR(VLOOKUP(D32,PREÇOS!$B$2:$C$32,2,FALSE),0) -> 0.85 | C32: =$A$32*$B$32 -> 0 | D32: Mini cookies
D33: FOLHADOS
A34: =$C$6*0.7 -> 0 | B34: =IFERROR(VLOOKUP(D34,PREÇOS!$B$2:$C$32,2,FALSE),0) -> 1.6 | C34: =$A$34*$B$34 -> 0 | D34: Mini Croissant
A35: =$C$6*0.5 -> 0 | B35: =IFERROR(VLOOKUP(D35,PREÇOS!$B$2:$C$32,2,FALSE),0) -> 1.8 | C35: =$A$35*$B$35 -> 0 | D35: Mini Pão de Chocolate
A36: =$C$6*0.5 -> 0 | B36: =IFERROR(VLOOKUP(D36,PREÇOS!$B$2:$C$32,2,FALSE),0) -> 0.95 | C36: =$A$36*$B$36 -> 0 | D36: Mini Folhado Salgado
A38: Total: | C38: =SUM(C9:C37) -> 0
A40: Produtos Volantes
A41: PAX | C41: 0 | D41: PADARIA
A42: unidades | D42: Pães salgados e doces
A43: =$C$41*0.7 -> 0 | B43: =IFERROR(VLOOKUP(D43,PREÇOS!$B$2:$C$32,2,FALSE),0) -> 0.63 | C43: =$A$43*$B$43 -> 0 | D43: Pão de queijo
A44: =$C$41*0.3 -> 0 | B44: =IFERROR(VLOOKUP(D44,PREÇOS!$B$2:$C$32,2,FALSE),0) -> 0.95 | C44: =$A$44*$B$44 -> 0 | D44: Folhado Salgado
A45: =$C$41*0.6 -> 0 | B45: =IFERROR(VLOOKUP(D45,PREÇOS!$B$2:$C$32,2,FALSE),0) -> 0.95 | C45: =$A$45*$B$45 -> 0 | D45: Doce do Dia verificar cardápio
C46: =$A$46*$B$46 -> 0
C47: =$A$47*$B$47 -> 0
A49: Total: | C49: =SUM(C43:C47) -> 0
A51: Refeitório Funcionarios
A52: PAX | C52: 200 | D52: PADARIA
A53: unidades | D53: PÃES SALGADOS
A54: =$C$52*0.9 -> 180 | B54: =IFERROR(VLOOKUP(D54,PREÇOS!$B$2:$C$32,2,FALSE),0) -> 0.65 | C54: =$A$54*$B$54 -> 117 | D54: Pão Francês 50g
A55: =$C$52*0.6 -> 120 | B55: =IFERROR(VLOOKUP(D55,PREÇOS!$B$2:$C$32,2,FALSE),0) -> 0.8 | C55: =$A$55*$B55 -> 96 | D55: Pão de leite 50g
A58: Total: | C58: =SUM(C54:C57) -> 213

Sheet DIA 12
A1: HOTEL NANNAI MURO ALTO
A2: PADARIA / CONFEITARIA
A4: PRODUÇÃO | B4: Dia: 12/06/2026
A5: RESTAURANTE NANNAI
A6: PAX | C6: 0 | D6: PADARIA | F6: ATENÇÃO ALTERAR SOMENTE EM VERMELHO, ALTERAR SOMENTE O NUMERO DE PESSOAS PAX
A8: unidades | B8: VALOR | C8: TOTAL | D8: PÃES SALGADOS
A9: =$C$6*0.9 -> 0 | B9: =IFERROR(VLOOKUP(D9,PREÇOS!$B$2:$C$32,2,FALSE),0) -> 0.4 | C9: =$A$9*$B$9 -> 0 | D9: Mini Pão Francês
A10: =$C$6*0.2 -> 0 | B10: =IFERROR(VLOOKUP(D10,PREÇOS!$B$2:$C$32,2,FALSE),0) -> 0.6 | C10: =$A$10*$B$10 -> 0 | D10: Mini Pão Integral
A11: =$C$6*0.2 -> 0 | B11: =IFERROR(VLOOKUP(D11,PREÇOS!$B$2:$C$32,2,FALSE),0) -> 0.8 | C11: =$A$11*$B$11 -> 0 | D11: Mini Australiano
A12: =$C$6*0.2 -> 0 | B12: =IFERROR(VLOOKUP(D12,PREÇOS!$B$2:$C$32,2,FALSE),0) -> 0.45 | C12: =$A$12*$B$12 -> 0 | D12: Mini Pão Gergilim
A13: =$C$6*0.2 -> 0 | B13: =IFERROR(VLOOKUP(D13,PREÇOS!$B$2:$C$32,2,FALSE),0) -> 0 | C13: =$A$13*$B$13 -> 0 | D13: Mini Pão de Milho ou
A14: =$C$6*0.1 -> 0 | B14: =IFERROR(VLOOKUP(D14,PREÇOS!$B$2:$C$32,2,FALSE),0) -> 0 | C14: =$A$14*$B$14 -> 0 | D14: Mini Baguete Rustica
A15: =$C$6*0.2 -> 0 | B15: =IFERROR(VLOOKUP(D15,PREÇOS!$B$2:$C$32,2,FALSE),0) -> 0.8 | C15: =$A$15*$B$15 -> 0 | D15: Mini Pão Calabresa
A16: =$C$6*0.2 -> 0 | B16: =IFERROR(VLOOKUP(D16,PREÇOS!$B$2:$C$32,2,FALSE),0) -> 0.7 | C16: =$A$16*$B$16 -> 0 | D16: Mini Pão Delicia recheado
A17: =$C$6*0.01 -> 0 | B17: =IFERROR(VLOOKUP(D17,PREÇOS!$B$2:$C$32,2,FALSE),0) -> 1.55 | C17: =$A$17*$B$17 -> 0 | D17: Focaccia recheada
A18: =$C$6*0.3 -> 0 | B18: =IFERROR(VLOOKUP(D18,PREÇOS!$B$2:$C$32,2,FALSE),0) -> 0.4 | C18: =$A$18*$B$18 -> 0 | D18: Mini Tiger
A19: =$C$6*0.2 -> 0 | B19: =IFERROR(VLOOKUP(D19,PREÇOS!$B$2:$C$32,2,FALSE),0) -> 0.8 | C19: =$A$19*$B$19 -> 0 | D19: Mini Pão de Frios
A20: =$C$6*0.004 -> 0 | B20: =IFERROR(VLOOKUP(D20,PREÇOS!$B$2:$C$32,2,FALSE),0) -> 3 | C20: =$A$20*$B$20 -> 0 | D20: Pão de Forma integral
A21: =$C$6*0.009 -> 0 | B21: =IFERROR(VLOOKUP(D21,PREÇOS!$B$2:$C$32,2,FALSE),0) -> 2.8 | C21: =$A$21*$B$21 -> 0 | D21: Pão de forma Tradicional
A22: =$C$6*0.004 -> 0 | B22: =IFERROR(VLOOKUP(D22,PREÇOS!$B$2:$C$32,2,FALSE),0) -> 3 | C22: =$A$22*$B$22 -> 0 | D22: Pão de Forma Maritoso
A23: =$C$6*0.04 -> 0 | B23: =IFERROR(VLOOKUP(D23,PREÇOS!$B$2:$C$32,2,FALSE),0) -> 2.6 | C23: =$A$23*$B$23 -> 0 | D23: Baguete Francesa 300g
A24: =$C$6*0.04 -> 0 | B24: =IFERROR(VLOOKUP(D24,PREÇOS!$B$2:$C$32,2,FALSE),0) -> 3.8 | C24: =$A$24*$B$24 -> 0 | D24: Pães de Decoração Rustico
D25: PÃES DOCES
A26: =$C$6*0.2 -> 0 | B26: =IFERROR(VLOOKUP(D26,PREÇOS!$B$2:$C$32,2,FALSE),0) -> 0.6 | C26: =$A$26*$B$26 -> 0 | D26: Mini Brioche ou Pão de Açucar
A27: =$C$6*0.2 -> 0 | B27: =IFERROR(VLOOKUP(D27,PREÇOS!$B$2:$C$32,2,FALSE),0) -> 0.5 | C27: =$A$27*$B$27 -> 0 | D27: Mini Bisnaguinha
A28: =$C$6*0.1 -> 0 | B28: =IFERROR(VLOOKUP(D28,PREÇOS!$B$2:$C$32,2,FALSE),0) -> 0.75 | C28: =$A$28*$B$28 -> 0 | D28: Mini Pão de coco
A29: =$C$6*0.1 -> 0 | B29: =IFERROR(VLOOKUP(D29,PREÇOS!$B$2:$C$32,2,FALSE),0) -> 0.6 | C29: =$A$29*$B$29 -> 0 | D29: Mini Pão doce
A30: =$C$6*0.2 -> 0 | B30: =IFERROR(VLOOKUP(D30,PREÇOS!$B$2:$C$32,2,FALSE),0) -> 0.8 | C30: =$A$30*$B$30 -> 0 | D30: Mini Donuts
A31: =$C$6*0.2 -> 0 | B31: =IFERROR(VLOOKUP(D31,PREÇOS!$B$2:$C$32,2,FALSE),0) -> 0.8 | C31: =$A$31*$B$31 -> 0 | D31: Mini Sonho
A32: =$C$6*0.2 -> 0 | B32: =IFERROR(VLOOKUP(D32,PREÇOS!$B$2:$C$32,2,FALSE),0) -> 0.85 | C32: =$A$32*$B$32 -> 0 | D32: Mini cookies
D33: FOLHADOS
A34: =$C$6*0.7 -> 0 | B34: =IFERROR(VLOOKUP(D34,PREÇOS!$B$2:$C$32,2,FALSE),0) -> 1.6 | C34: =$A$34*$B$34 -> 0 | D34: Mini Croissant
A35: =$C$6*0.5 -> 0 | B35: =IFERROR(VLOOKUP(D35,PREÇOS!$B$2:$C$32,2,FALSE),0) -> 1.8 | C35: =$A$35*$B$35 -> 0 | D35: Mini Pão de Chocolate
A36: =$C$6*0.5 -> 0 | B36: =IFERROR(VLOOKUP(D36,PREÇOS!$B$2:$C$32,2,FALSE),0) -> 0.95 | C36: =$A$36*$B$36 -> 0 | D36: Mini Folhado Salgado
A38: Total: | C38: =SUM(C9:C37) -> 0
A40: Produtos Volantes
A41: PAX | C41: 0 | D41: PADARIA
A42: unidades | D42: Pães salgados e doces
A43: =$C$41*0.7 -> 0 | B43: =IFERROR(VLOOKUP(D43,PREÇOS!$B$2:$C$32,2,FALSE),0) -> 0.63 | C43: =$A$43*$B$43 -> 0 | D43: Pão de queijo
A44: =$C$41*0.3 -> 0 | B44: =IFERROR(VLOOKUP(D44,PREÇOS!$B$2:$C$32,2,FALSE),0) -> 0.95 | C44: =$A$44*$B$44 -> 0 | D44: Folhado Salgado
A45: =$C$41*0.6 -> 0 | B45: =IFERROR(VLOOKUP(D45,PREÇOS!$B$2:$C$32,2,FALSE),0) -> 0.95 | C45: =$A$45*$B$45 -> 0 | D45: Doce do Dia verificar cardápio
C46: =$A$46*$B$46 -> 0
C47: =$A$47*$B$47 -> 0
A49: Total: | C49: =SUM(C43:C47) -> 0
A51: Refeitório Funcionarios
A52: PAX | C52: 200 | D52: PADARIA
A53: unidades | D53: PÃES SALGADOS
A54: =$C$52*0.9 -> 180 | B54: =IFERROR(VLOOKUP(D54,PREÇOS!$B$2:$C$32,2,FALSE),0) -> 0.65 | C54: =$A$54*$B$54 -> 117 | D54: Pão Francês 50g
A55: =$C$52*0.6 -> 120 | B55: =IFERROR(VLOOKUP(D55,PREÇOS!$B$2:$C$32,2,FALSE),0) -> 0.8 | C55: =$A$55*$B55 -> 96 | D55: Pão de leite 50g
A58: Total: | C58: =SUM(C54:C57) -> 213

Sheet DIA 13
A1: HOTEL NANNAI MURO ALTO
A2: PADARIA / CONFEITARIA
A4: PRODUÇÃO | B4: Dia: 13/06/2026
A5: RESTAURANTE NANNAI
A6: PAX | C6: 0 | D6: PADARIA | F6: ATENÇÃO ALTERAR SOMENTE EM VERMELHO, ALTERAR SOMENTE O NUMERO DE PESSOAS PAX
A8: unidades | B8: VALOR | C8: TOTAL | D8: PÃES SALGADOS
A9: =$C$6*0.9 -> 0 | B9: =IFERROR(VLOOKUP(D9,PREÇOS!$B$2:$C$32,2,FALSE),0) -> 0.4 | C9: =$A$9*$B$9 -> 0 | D9: Mini Pão Francês
A10: =$C$6*0.2 -> 0 | B10: =IFERROR(VLOOKUP(D10,PREÇOS!$B$2:$C$32,2,FALSE),0) -> 0.6 | C10: =$A$10*$B$10 -> 0 | D10: Mini Pão Integral
A11: =$C$6*0.2 -> 0 | B11: =IFERROR(VLOOKUP(D11,PREÇOS!$B$2:$C$32,2,FALSE),0) -> 0.8 | C11: =$A$11*$B$11 -> 0 | D11: Mini Australiano
A12: =$C$6*0.2 -> 0 | B12: =IFERROR(VLOOKUP(D12,PREÇOS!$B$2:$C$32,2,FALSE),0) -> 0.45 | C12: =$A$12*$B$12 -> 0 | D12: Mini Pão Gergilim
A13: =$C$6*0.2 -> 0 | B13: =IFERROR(VLOOKUP(D13,PREÇOS!$B$2:$C$32,2,FALSE),0) -> 0 | C13: =$A$13*$B$13 -> 0 | D13: Mini Pão de Milho ou
A14: =$C$6*0.1 -> 0 | B14: =IFERROR(VLOOKUP(D14,PREÇOS!$B$2:$C$32,2,FALSE),0) -> 0 | C14: =$A$14*$B$14 -> 0 | D14: Mini Baguete Rustica
A15: =$C$6*0.2 -> 0 | B15: =IFERROR(VLOOKUP(D15,PREÇOS!$B$2:$C$32,2,FALSE),0) -> 0.8 | C15: =$A$15*$B$15 -> 0 | D15: Mini Pão Calabresa
A16: =$C$6*0.2 -> 0 | B16: =IFERROR(VLOOKUP(D16,PREÇOS!$B$2:$C$32,2,FALSE),0) -> 0.7 | C16: =$A$16*$B$16 -> 0 | D16: Mini Pão Delicia recheado
A17: =$C$6*0.01 -> 0 | B17: =IFERROR(VLOOKUP(D17,PREÇOS!$B$2:$C$32,2,FALSE),0) -> 1.55 | C17: =$A$17*$B$17 -> 0 | D17: Focaccia recheada
A18: =$C$6*0.3 -> 0 | B18: =IFERROR(VLOOKUP(D18,PREÇOS!$B$2:$C$32,2,FALSE),0) -> 0.4 | C18: =$A$18*$B$18 -> 0 | D18: Mini Tiger
A19: =$C$6*0.2 -> 0 | B19: =IFERROR(VLOOKUP(D19,PREÇOS!$B$2:$C$32,2,FALSE),0) -> 0.8 | C19: =$A$19*$B$19 -> 0 | D19: Mini Pão de Frios
A20: =$C$6*0.004 -> 0 | B20: =IFERROR(VLOOKUP(D20,PREÇOS!$B$2:$C$32,2,FALSE),0) -> 3 | C20: =$A$20*$B$20 -> 0 | D20: Pão de Forma integral
A21: =$C$6*0.009 -> 0 | B21: =IFERROR(VLOOKUP(D21,PREÇOS!$B$2:$C$32,2,FALSE),0) -> 2.8 | C21: =$A$21*$B$21 -> 0 | D21: Pão de forma Tradicional
A22: =$C$6*0.004 -> 0 | B22: =IFERROR(VLOOKUP(D22,PREÇOS!$B$2:$C$32,2,FALSE),0) -> 3 | C22: =$A$22*$B$22 -> 0 | D22: Pão de Forma Maritoso
A23: =$C$6*0.04 -> 0 | B23: =IFERROR(VLOOKUP(D23,PREÇOS!$B$2:$C$32,2,FALSE),0) -> 2.6 | C23: =$A$23*$B$23 -> 0 | D23: Baguete Francesa 300g
A24: =$C$6*0.04 -> 0 | B24: =IFERROR(VLOOKUP(D24,PREÇOS!$B$2:$C$32,2,FALSE),0) -> 3.8 | C24: =$A$24*$B$24 -> 0 | D24: Pães de Decoração Rustico
D25: PÃES DOCES
A26: =$C$6*0.2 -> 0 | B26: =IFERROR(VLOOKUP(D26,PREÇOS!$B$2:$C$32,2,FALSE),0) -> 0.6 | C26: =$A$26*$B$26 -> 0 | D26: Mini Brioche ou Pão de Açucar
A27: =$C$6*0.2 -> 0 | B27: =IFERROR(VLOOKUP(D27,PREÇOS!$B$2:$C$32,2,FALSE),0) -> 0.5 | C27: =$A$27*$B$27 -> 0 | D27: Mini Bisnaguinha
A28: =$C$6*0.1 -> 0 | B28: =IFERROR(VLOOKUP(D28,PREÇOS!$B$2:$C$32,2,FALSE),0) -> 0.75 | C28: =$A$28*$B$28 -> 0 | D28: Mini Pão de coco
A29: =$C$6*0.1 -> 0 | B29: =IFERROR(VLOOKUP(D29,PREÇOS!$B$2:$C$32,2,FALSE),0) -> 0.6 | C29: =$A$29*$B$29 -> 0 | D29: Mini Pão doce
A30: =$C$6*0.2 -> 0 | B30: =IFERROR(VLOOKUP(D30,PREÇOS!$B$2:$C$32,2,FALSE),0) -> 0.8 | C30: =$A$30*$B$30 -> 0 | D30: Mini Donuts
A31: =$C$6*0.2 -> 0 | B31: =IFERROR(VLOOKUP(D31,PREÇOS!$B$2:$C$32,2,FALSE),0) -> 0.8 | C31: =$A$31*$B$31 -> 0 | D31: Mini Sonho
A32: =$C$6*0.2 -> 0 | B32: =IFERROR(VLOOKUP(D32,PREÇOS!$B$2:$C$32,2,FALSE),0) -> 0.85 | C32: =$A$32*$B$32 -> 0 | D32: Mini cookies
D33: FOLHADOS
A34: =$C$6*0.7 -> 0 | B34: =IFERROR(VLOOKUP(D34,PREÇOS!$B$2:$C$32,2,FALSE),0) -> 1.6 | C34: =$A$34*$B$34 -> 0 | D34: Mini Croissant
A35: =$C$6*0.5 -> 0 | B35: =IFERROR(VLOOKUP(D35,PREÇOS!$B$2:$C$32,2,FALSE),0) -> 1.8 | C35: =$A$35*$B$35 -> 0 | D35: Mini Pão de Chocolate
A36: =$C$6*0.5 -> 0 | B36: =IFERROR(VLOOKUP(D36,PREÇOS!$B$2:$C$32,2,FALSE),0) -> 0.95 | C36: =$A$36*$B$36 -> 0 | D36: Mini Folhado Salgado
A38: Total: | C38: =SUM(C9:C37) -> 0
A40: Produtos Volantes
A41: PAX | C41: 0 | D41: PADARIA
A42: unidades | D42: Pães salgados e doces
A43: =$C$41*0.7 -> 0 | B43: =IFERROR(VLOOKUP(D43,PREÇOS!$B$2:$C$32,2,FALSE),0) -> 0.63 | C43: =$A$43*$B$43 -> 0 | D43: Pão de queijo
A44: =$C$41*0.3 -> 0 | B44: =IFERROR(VLOOKUP(D44,PREÇOS!$B$2:$C$32,2,FALSE),0) -> 0.95 | C44: =$A$44*$B$44 -> 0 | D44: Folhado Salgado
A45: =$C$41*0.6 -> 0 | B45: =IFERROR(VLOOKUP(D45,PREÇOS!$B$2:$C$32,2,FALSE),0) -> 0.95 | C45: =$A$45*$B$45 -> 0 | D45: Doce do Dia verificar cardápio
C46: =$A$46*$B$46 -> 0
C47: =$A$47*$B$47 -> 0
A49: Total: | C49: =SUM(C43:C47) -> 0
A51: Refeitório Funcionarios
A52: PAX | C52: 200 | D52: PADARIA
A53: unidades | D53: PÃES SALGADOS
A54: =$C$52*0.9 -> 180 | B54: =IFERROR(VLOOKUP(D54,PREÇOS!$B$2:$C$32,2,FALSE),0) -> 0.65 | C54: =$A$54*$B$54 -> 117 | D54: Pão Francês 50g
A55: =$C$52*0.6 -> 120 | B55: =IFERROR(VLOOKUP(D55,PREÇOS!$B$2:$C$32,2,FALSE),0) -> 0.8 | C55: =$A$55*$B55 -> 96 | D55: Pão de leite 50g
A58: Total: | C58: =SUM(C54:C57) -> 213

Sheet DIA 14
A1: HOTEL NANNAI MURO ALTO
A2: PADARIA / CONFEITARIA
A4: PRODUÇÃO | B4: Dia: 14/06/2026
A5: RESTAURANTE NANNAI
A6: PAX | C6: 0 | D6: PADARIA | F6: ATENÇÃO ALTERAR SOMENTE EM VERMELHO, ALTERAR SOMENTE O NUMERO DE PESSOAS PAX
A8: unidades | B8: VALOR | C8: TOTAL | D8: PÃES SALGADOS
A9: =$C$6*0.9 -> 0 | B9: =IFERROR(VLOOKUP(D9,PREÇOS!$B$2:$C$32,2,FALSE),0) -> 0.4 | C9: =$A$9*$B$9 -> 0 | D9: Mini Pão Francês
A10: =$C$6*0.2 -> 0 | B10: =IFERROR(VLOOKUP(D10,PREÇOS!$B$2:$C$32,2,FALSE),0) -> 0.6 | C10: =$A$10*$B$10 -> 0 | D10: Mini Pão Integral
A11: =$C$6*0.2 -> 0 | B11: =IFERROR(VLOOKUP(D11,PREÇOS!$B$2:$C$32,2,FALSE),0) -> 0.8 | C11: =$A$11*$B$11 -> 0 | D11: Mini Australiano
A12: =$C$6*0.2 -> 0 | B12: =IFERROR(VLOOKUP(D12,PREÇOS!$B$2:$C$32,2,FALSE),0) -> 0.45 | C12: =$A$12*$B$12 -> 0 | D12: Mini Pão Gergilim
A13: =$C$6*0.2 -> 0 | B13: =IFERROR(VLOOKUP(D13,PREÇOS!$B$2:$C$32,2,FALSE),0) -> 0 | C13: =$A$13*$B$13 -> 0 | D13: Mini Pão de Milho ou
A14: =$C$6*0.1 -> 0 | B14: =IFERROR(VLOOKUP(D14,PREÇOS!$B$2:$C$32,2,FALSE),0) -> 0 | C14: =$A$14*$B$14 -> 0 | D14: Mini Baguete Rustica
A15: =$C$6*0.2 -> 0 | B15: =IFERROR(VLOOKUP(D15,PREÇOS!$B$2:$C$32,2,FALSE),0) -> 0.8 | C15: =$A$15*$B$15 -> 0 | D15: Mini Pão Calabresa
A16: =$C$6*0.2 -> 0 | B16: =IFERROR(VLOOKUP(D16,PREÇOS!$B$2:$C$32,2,FALSE),0) -> 0.7 | C16: =$A$16*$B$16 -> 0 | D16: Mini Pão Delicia recheado
A17: =$C$6*0.01 -> 0 | B17: =IFERROR(VLOOKUP(D17,PREÇOS!$B$2:$C$32,2,FALSE),0) -> 1.55 | C17: =$A$17*$B$17 -> 0 | D17: Focaccia recheada
A18: =$C$6*0.3 -> 0 | B18: =IFERROR(VLOOKUP(D18,PREÇOS!$B$2:$C$32,2,FALSE),0) -> 0.4 | C18: =$A$18*$B$18 -> 0 | D18: Mini Tiger
A19: =$C$6*0.2 -> 0 | B19: =IFERROR(VLOOKUP(D19,PREÇOS!$B$2:$C$32,2,FALSE),0) -> 0.8 | C19: =$A$19*$B$19 -> 0 | D19: Mini Pão de Frios
A20: =$C$6*0.004 -> 0 | B20: =IFERROR(VLOOKUP(D20,PREÇOS!$B$2:$C$32,2,FALSE),0) -> 3 | C20: =$A$20*$B$20 -> 0 | D20: Pão de Forma integral
A21: =$C$6*0.009 -> 0 | B21: =IFERROR(VLOOKUP(D21,PREÇOS!$B$2:$C$32,2,FALSE),0) -> 2.8 | C21: =$A$21*$B$21 -> 0 | D21: Pão de forma Tradicional
A22: =$C$6*0.004 -> 0 | B22: =IFERROR(VLOOKUP(D22,PREÇOS!$B$2:$C$32,2,FALSE),0) -> 3 | C22: =$A$22*$B$22 -> 0 | D22: Pão de Forma Maritoso
A23: =$C$6*0.04 -> 0 | B23: =IFERROR(VLOOKUP(D23,PREÇOS!$B$2:$C$32,2,FALSE),0) -> 2.6 | C23: =$A$23*$B$23 -> 0 | D23: Baguete Francesa 300g
A24: =$C$6*0.04 -> 0 | B24: =IFERROR(VLOOKUP(D24,PREÇOS!$B$2:$C$32,2,FALSE),0) -> 3.8 | C24: =$A$24*$B$24 -> 0 | D24: Pães de Decoração Rustico
D25: PÃES DOCES
A26: =$C$6*0.2 -> 0 | B26: =IFERROR(VLOOKUP(D26,PREÇOS!$B$2:$C$32,2,FALSE),0) -> 0.6 | C26: =$A$26*$B$26 -> 0 | D26: Mini Brioche ou Pão de Açucar
A27: =$C$6*0.2 -> 0 | B27: =IFERROR(VLOOKUP(D27,PREÇOS!$B$2:$C$32,2,FALSE),0) -> 0.5 | C27: =$A$27*$B$27 -> 0 | D27: Mini Bisnaguinha
A28: =$C$6*0.1 -> 0 | B28: =IFERROR(VLOOKUP(D28,PREÇOS!$B$2:$C$32,2,FALSE),0) -> 0.75 | C28: =$A$28*$B$28 -> 0 | D28: Mini Pão de coco
A29: =$C$6*0.1 -> 0 | B29: =IFERROR(VLOOKUP(D29,PREÇOS!$B$2:$C$32,2,FALSE),0) -> 0.6 | C29: =$A$29*$B$29 -> 0 | D29: Mini Pão doce
A30: =$C$6*0.2 -> 0 | B30: =IFERROR(VLOOKUP(D30,PREÇOS!$B$2:$C$32,2,FALSE),0) -> 0.8 | C30: =$A$30*$B$30 -> 0 | D30: Mini Donuts
A31: =$C$6*0.2 -> 0 | B31: =IFERROR(VLOOKUP(D31,PREÇOS!$B$2:$C$32,2,FALSE),0) -> 0.8 | C31: =$A$31*$B$31 -> 0 | D31: Mini Sonho
A32: =$C$6*0.2 -> 0 | B32: =IFERROR(VLOOKUP(D32,PREÇOS!$B$2:$C$32,2,FALSE),0) -> 0.85 | C32: =$A$32*$B$32 -> 0 | D32: Mini cookies
D33: FOLHADOS
A34: =$C$6*0.7 -> 0 | B34: =IFERROR(VLOOKUP(D34,PREÇOS!$B$2:$C$32,2,FALSE),0) -> 1.6 | C34: =$A$34*$B$34 -> 0 | D34: Mini Croissant
A35: =$C$6*0.5 -> 0 | B35: =IFERROR(VLOOKUP(D35,PREÇOS!$B$2:$C$32,2,FALSE),0) -> 1.8 | C35: =$A$35*$B$35 -> 0 | D35: Mini Pão de Chocolate
A36: =$C$6*0.5 -> 0 | B36: =IFERROR(VLOOKUP(D36,PREÇOS!$B$2:$C$32,2,FALSE),0) -> 0.95 | C36: =$A$36*$B$36 -> 0 | D36: Mini Folhado Salgado
A38: Total: | C38: =SUM(C9:C37) -> 0
A40: Produtos Volantes
A41: PAX | C41: 0 | D41: PADARIA
A42: unidades | D42: Pães salgados e doces
A43: =$C$41*0.7 -> 0 | B43: =IFERROR(VLOOKUP(D43,PREÇOS!$B$2:$C$32,2,FALSE),0) -> 0.63 | C43: =$A$43*$B$43 -> 0 | D43: Pão de queijo
A44: =$C$41*0.3 -> 0 | B44: =IFERROR(VLOOKUP(D44,PREÇOS!$B$2:$C$32,2,FALSE),0) -> 0.95 | C44: =$A$44*$B$44 -> 0 | D44: Folhado Salgado
A45: =$C$41*0.6 -> 0 | B45: =IFERROR(VLOOKUP(D45,PREÇOS!$B$2:$C$32,2,FALSE),0) -> 0.95 | C45: =$A$45*$B$45 -> 0 | D45: Doce do Dia verificar cardápio
C46: =$A$46*$B$46 -> 0
C47: =$A$47*$B$47 -> 0
A49: Total: | C49: =SUM(C43:C47) -> 0
A51: Refeitório Funcionarios
A52: PAX | C52: 200 | D52: PADARIA
A53: unidades | D53: PÃES SALGADOS
A54: =$C$52*0.9 -> 180 | B54: =IFERROR(VLOOKUP(D54,PREÇOS!$B$2:$C$32,2,FALSE),0) -> 0.65 | C54: =$A$54*$B$54 -> 117 | D54: Pão Francês 50g
A55: =$C$52*0.6 -> 120 | B55: =IFERROR(VLOOKUP(D55,PREÇOS!$B$2:$C$32,2,FALSE),0) -> 0.8 | C55: =$A$55*$B55 -> 96 | D55: Pão de leite 50g
A58: Total: | C58: =SUM(C54:C57) -> 213

Sheet DIA 15
A1: HOTEL NANNAI MURO ALTO
A2: PADARIA / CONFEITARIA
A4: PRODUÇÃO | B4: Dia: 15/06/2026
A5: RESTAURANTE NANNAI
A6: PAX | C6: 0 | D6: PADARIA | F6: ATENÇÃO ALTERAR SOMENTE EM VERMELHO, ALTERAR SOMENTE O NUMERO DE PESSOAS PAX
A8: unidades | B8: VALOR | C8: TOTAL | D8: PÃES SALGADOS
A9: =$C$6*0.9 -> 0 | B9: =IFERROR(VLOOKUP(D9,PREÇOS!$B$2:$C$32,2,FALSE),0) -> 0.4 | C9: =$A$9*$B$9 -> 0 | D9: Mini Pão Francês
A10: =$C$6*0.2 -> 0 | B10: =IFERROR(VLOOKUP(D10,PREÇOS!$B$2:$C$32,2,FALSE),0) -> 0.6 | C10: =$A$10*$B$10 -> 0 | D10: Mini Pão Integral
A11: =$C$6*0.2 -> 0 | B11: =IFERROR(VLOOKUP(D11,PREÇOS!$B$2:$C$32,2,FALSE),0) -> 0.8 | C11: =$A$11*$B$11 -> 0 | D11: Mini Australiano
A12: =$C$6*0.2 -> 0 | B12: =IFERROR(VLOOKUP(D12,PREÇOS!$B$2:$C$32,2,FALSE),0) -> 0.45 | C12: =$A$12*$B$12 -> 0 | D12: Mini Pão Gergilim
A13: =$C$6*0.2 -> 0 | B13: =IFERROR(VLOOKUP(D13,PREÇOS!$B$2:$C$32,2,FALSE),0) -> 0 | C13: =$A$13*$B$13 -> 0 | D13: Mini Pão de Milho ou
A14: =$C$6*0.1 -> 0 | B14: =IFERROR(VLOOKUP(D14,PREÇOS!$B$2:$C$32,2,FALSE),0) -> 0 | C14: =$A$14*$B$14 -> 0 | D14: Mini Baguete Rustica
A15: =$C$6*0.2 -> 0 | B15: =IFERROR(VLOOKUP(D15,PREÇOS!$B$2:$C$32,2,FALSE),0) -> 0.8 | C15: =$A$15*$B$15 -> 0 | D15: Mini Pão Calabresa
A16: =$C$6*0.2 -> 0 | B16: =IFERROR(VLOOKUP(D16,PREÇOS!$B$2:$C$32,2,FALSE),0) -> 0.7 | C16: =$A$16*$B$16 -> 0 | D16: Mini Pão Delicia recheado
A17: =$C$6*0.01 -> 0 | B17: =IFERROR(VLOOKUP(D17,PREÇOS!$B$2:$C$32,2,FALSE),0) -> 1.55 | C17: =$A$17*$B$17 -> 0 | D17: Focaccia recheada
A18: =$C$6*0.3 -> 0 | B18: =IFERROR(VLOOKUP(D18,PREÇOS!$B$2:$C$32,2,FALSE),0) -> 0.4 | C18: =$A$18*$B$18 -> 0 | D18: Mini Tiger
A19: =$C$6*0.2 -> 0 | B19: =IFERROR(VLOOKUP(D19,PREÇOS!$B$2:$C$32,2,FALSE),0) -> 0.8 | C19: =$A$19*$B$19 -> 0 | D19: Mini Pão de Frios
A20: =$C$6*0.004 -> 0 | B20: =IFERROR(VLOOKUP(D20,PREÇOS!$B$2:$C$32,2,FALSE),0) -> 3 | C20: =$A$20*$B$20 -> 0 | D20: Pão de Forma integral
A21: =$C$6*0.009 -> 0 | B21: =IFERROR(VLOOKUP(D21,PREÇOS!$B$2:$C$32,2,FALSE),0) -> 2.8 | C21: =$A$21*$B$21 -> 0 | D21: Pão de forma Tradicional
A22: =$C$6*0.004 -> 0 | B22: =IFERROR(VLOOKUP(D22,PREÇOS!$B$2:$C$32,2,FALSE),0) -> 3 | C22: =$A$22*$B$22 -> 0 | D22: Pão de Forma Maritoso
A23: =$C$6*0.04 -> 0 | B23: =IFERROR(VLOOKUP(D23,PREÇOS!$B$2:$C$32,2,FALSE),0) -> 2.6 | C23: =$A$23*$B$23 -> 0 | D23: Baguete Francesa 300g
A24: =$C$6*0.04 -> 0 | B24: =IFERROR(VLOOKUP(D24,PREÇOS!$B$2:$C$32,2,FALSE),0) -> 3.8 | C24: =$A$24*$B$24 -> 0 | D24: Pães de Decoração Rustico
D25: PÃES DOCES
A26: =$C$6*0.2 -> 0 | B26: =IFERROR(VLOOKUP(D26,PREÇOS!$B$2:$C$32,2,FALSE),0) -> 0.6 | C26: =$A$26*$B$26 -> 0 | D26: Mini Brioche ou Pão de Açucar
A27: =$C$6*0.2 -> 0 | B27: =IFERROR(VLOOKUP(D27,PREÇOS!$B$2:$C$32,2,FALSE),0) -> 0.5 | C27: =$A$27*$B$27 -> 0 | D27: Mini Bisnaguinha
A28: =$C$6*0.1 -> 0 | B28: =IFERROR(VLOOKUP(D28,PREÇOS!$B$2:$C$32,2,FALSE),0) -> 0.75 | C28: =$A$28*$B$28 -> 0 | D28: Mini Pão de coco
A29: =$C$6*0.1 -> 0 | B29: =IFERROR(VLOOKUP(D29,PREÇOS!$B$2:$C$32,2,FALSE),0) -> 0.6 | C29: =$A$29*$B$29 -> 0 | D29: Mini Pão doce
A30: =$C$6*0.2 -> 0 | B30: =IFERROR(VLOOKUP(D30,PREÇOS!$B$2:$C$32,2,FALSE),0) -> 0.8 | C30: =$A$30*$B$30 -> 0 | D30: Mini Donuts
A31: =$C$6*0.2 -> 0 | B31: =IFERROR(VLOOKUP(D31,PREÇOS!$B$2:$C$32,2,FALSE),0) -> 0.8 | C31: =$A$31*$B$31 -> 0 | D31: Mini Sonho
A32: =$C$6*0.2 -> 0 | B32: =IFERROR(VLOOKUP(D32,PREÇOS!$B$2:$C$32,2,FALSE),0) -> 0.85 | C32: =$A$32*$B$32 -> 0 | D32: Mini cookies
D33: FOLHADOS
A34: =$C$6*0.7 -> 0 | B34: =IFERROR(VLOOKUP(D34,PREÇOS!$B$2:$C$32,2,FALSE),0) -> 1.6 | C34: =$A$34*$B$34 -> 0 | D34: Mini Croissant
A35: =$C$6*0.5 -> 0 | B35: =IFERROR(VLOOKUP(D35,PREÇOS!$B$2:$C$32,2,FALSE),0) -> 1.8 | C35: =$A$35*$B$35 -> 0 | D35: Mini Pão de Chocolate
A36: =$C$6*0.5 -> 0 | B36: =IFERROR(VLOOKUP(D36,PREÇOS!$B$2:$C$32,2,FALSE),0) -> 0.95 | C36: =$A$36*$B$36 -> 0 | D36: Mini Folhado Salgado
A38: Total: | C38: =SUM(C9:C37) -> 0
A40: Produtos Volantes
A41: PAX | C41: 0 | D41: PADARIA
A42: unidades | D42: Pães salgados e doces
A43: =$C$41*0.7 -> 0 | B43: =IFERROR(VLOOKUP(D43,PREÇOS!$B$2:$C$32,2,FALSE),0) -> 0.63 | C43: =$A$43*$B$43 -> 0 | D43: Pão de queijo
A44: =$C$41*0.3 -> 0 | B44: =IFERROR(VLOOKUP(D44,PREÇOS!$B$2:$C$32,2,FALSE),0) -> 0.95 | C44: =$A$44*$B$44 -> 0 | D44: Folhado Salgado
A45: =$C$41*0.6 -> 0 | B45: =IFERROR(VLOOKUP(D45,PREÇOS!$B$2:$C$32,2,FALSE),0) -> 0.95 | C45: =$A$45*$B$45 -> 0 | D45: Doce do Dia verificar cardápio
C46: =$A$46*$B$46 -> 0
C47: =$A$47*$B$47 -> 0
A49: Total: | C49: =SUM(C43:C47) -> 0
A51: Refeitório Funcionarios
A52: PAX | C52: 200 | D52: PADARIA
A53: unidades | D53: PÃES SALGADOS
A54: =$C$52*0.9 -> 180 | B54: =IFERROR(VLOOKUP(D54,PREÇOS!$B$2:$C$32,2,FALSE),0) -> 0.65 | C54: =$A$54*$B$54 -> 117 | D54: Pão Francês 50g
A55: =$C$52*0.6 -> 120 | B55: =IFERROR(VLOOKUP(D55,PREÇOS!$B$2:$C$32,2,FALSE),0) -> 0.8 | C55: =$A$55*$B55 -> 96 | D55: Pão de leite 50g
A58: Total: | C58: =SUM(C54:C57) -> 213

Sheet DIA 16
A1: HOTEL NANNAI MURO ALTO
A2: PADARIA / CONFEITARIA
A4: PRODUÇÃO | B4: Dia: 16/06/2026
A5: RESTAURANTE NANNAI
A6: PAX | C6: 0 | D6: PADARIA | F6: ATENÇÃO ALTERAR SOMENTE EM VERMELHO, ALTERAR SOMENTE O NUMERO DE PESSOAS PAX
A8: unidades | B8: VALOR | C8: TOTAL | D8: PÃES SALGADOS
A9: =$C$6*0.9 -> 0 | B9: =IFERROR(VLOOKUP(D9,PREÇOS!$B$2:$C$32,2,FALSE),0) -> 0.4 | C9: =$A$9*$B$9 -> 0 | D9: Mini Pão Francês
A10: =$C$6*0.2 -> 0 | B10: =IFERROR(VLOOKUP(D10,PREÇOS!$B$2:$C$32,2,FALSE),0) -> 0.6 | C10: =$A$10*$B$10 -> 0 | D10: Mini Pão Integral
A11: =$C$6*0.2 -> 0 | B11: =IFERROR(VLOOKUP(D11,PREÇOS!$B$2:$C$32,2,FALSE),0) -> 0.8 | C11: =$A$11*$B$11 -> 0 | D11: Mini Australiano
A12: =$C$6*0.2 -> 0 | B12: =IFERROR(VLOOKUP(D12,PREÇOS!$B$2:$C$32,2,FALSE),0) -> 0.45 | C12: =$A$12*$B$12 -> 0 | D12: Mini Pão Gergilim
A13: =$C$6*0.2 -> 0 | B13: =IFERROR(VLOOKUP(D13,PREÇOS!$B$2:$C$32,2,FALSE),0) -> 0 | C13: =$A$13*$B$13 -> 0 | D13: Mini Pão de Milho ou
A14: =$C$6*0.1 -> 0 | B14: =IFERROR(VLOOKUP(D14,PREÇOS!$B$2:$C$32,2,FALSE),0) -> 0 | C14: =$A$14*$B$14 -> 0 | D14: Mini Baguete Rustica
A15: =$C$6*0.2 -> 0 | B15: =IFERROR(VLOOKUP(D15,PREÇOS!$B$2:$C$32,2,FALSE),0) -> 0.8 | C15: =$A$15*$B$15 -> 0 | D15: Mini Pão Calabresa
A16: =$C$6*0.2 -> 0 | B16: =IFERROR(VLOOKUP(D16,PREÇOS!$B$2:$C$32,2,FALSE),0) -> 0.7 | C16: =$A$16*$B$16 -> 0 | D16: Mini Pão Delicia recheado
A17: =$C$6*0.01 -> 0 | B17: =IFERROR(VLOOKUP(D17,PREÇOS!$B$2:$C$32,2,FALSE),0) -> 1.55 | C17: =$A$17*$B$17 -> 0 | D17: Focaccia recheada
A18: =$C$6*0.3 -> 0 | B18: =IFERROR(VLOOKUP(D18,PREÇOS!$B$2:$C$32,2,FALSE),0) -> 0.4 | C18: =$A$18*$B$18 -> 0 | D18: Mini Tiger
A19: =$C$6*0.2 -> 0 | B19: =IFERROR(VLOOKUP(D19,PREÇOS!$B$2:$C$32,2,FALSE),0) -> 0.8 | C19: =$A$19*$B$19 -> 0 | D19: Mini Pão de Frios
A20: =$C$6*0.004 -> 0 | B20: =IFERROR(VLOOKUP(D20,PREÇOS!$B$2:$C$32,2,FALSE),0) -> 3 | C20: =$A$20*$B$20 -> 0 | D20: Pão de Forma integral
A21: =$C$6*0.009 -> 0 | B21: =IFERROR(VLOOKUP(D21,PREÇOS!$B$2:$C$32,2,FALSE),0) -> 2.8 | C21: =$A$21*$B$21 -> 0 | D21: Pão de forma Tradicional
A22: =$C$6*0.004 -> 0 | B22: =IFERROR(VLOOKUP(D22,PREÇOS!$B$2:$C$32,2,FALSE),0) -> 3 | C22: =$A$22*$B$22 -> 0 | D22: Pão de Forma Maritoso
A23: =$C$6*0.04 -> 0 | B23: =IFERROR(VLOOKUP(D23,PREÇOS!$B$2:$C$32,2,FALSE),0) -> 2.6 | C23: =$A$23*$B$23 -> 0 | D23: Baguete Francesa 300g
A24: =$C$6*0.04 -> 0 | B24: =IFERROR(VLOOKUP(D24,PREÇOS!$B$2:$C$32,2,FALSE),0) -> 3.8 | C24: =$A$24*$B$24 -> 0 | D24: Pães de Decoração Rustico
D25: PÃES DOCES
A26: =$C$6*0.2 -> 0 | B26: =IFERROR(VLOOKUP(D26,PREÇOS!$B$2:$C$32,2,FALSE),0) -> 0.6 | C26: =$A$26*$B$26 -> 0 | D26: Mini Brioche ou Pão de Açucar
A27: =$C$6*0.2 -> 0 | B27: =IFERROR(VLOOKUP(D27,PREÇOS!$B$2:$C$32,2,FALSE),0) -> 0.5 | C27: =$A$27*$B$27 -> 0 | D27: Mini Bisnaguinha
A28: =$C$6*0.1 -> 0 | B28: =IFERROR(VLOOKUP(D28,PREÇOS!$B$2:$C$32,2,FALSE),0) -> 0.75 | C28: =$A$28*$B$28 -> 0 | D28: Mini Pão de coco
A29: =$C$6*0.1 -> 0 | B29: =IFERROR(VLOOKUP(D29,PREÇOS!$B$2:$C$32,2,FALSE),0) -> 0.6 | C29: =$A$29*$B$29 -> 0 | D29: Mini Pão doce
A30: =$C$6*0.2 -> 0 | B30: =IFERROR(VLOOKUP(D30,PREÇOS!$B$2:$C$32,2,FALSE),0) -> 0.8 | C30: =$A$30*$B$30 -> 0 | D30: Mini Donuts
A31: =$C$6*0.2 -> 0 | B31: =IFERROR(VLOOKUP(D31,PREÇOS!$B$2:$C$32,2,FALSE),0) -> 0.8 | C31: =$A$31*$B$31 -> 0 | D31: Mini Sonho
A32: =$C$6*0.2 -> 0 | B32: =IFERROR(VLOOKUP(D32,PREÇOS!$B$2:$C$32,2,FALSE),0) -> 0.85 | C32: =$A$32*$B$32 -> 0 | D32: Mini cookies
D33: FOLHADOS
A34: =$C$6*0.7 -> 0 | B34: =IFERROR(VLOOKUP(D34,PREÇOS!$B$2:$C$32,2,FALSE),0) -> 1.6 | C34: =$A$34*$B$34 -> 0 | D34: Mini Croissant
A35: =$C$6*0.5 -> 0 | B35: =IFERROR(VLOOKUP(D35,PREÇOS!$B$2:$C$32,2,FALSE),0) -> 1.8 | C35: =$A$35*$B$35 -> 0 | D35: Mini Pão de Chocolate
A36: =$C$6*0.5 -> 0 | B36: =IFERROR(VLOOKUP(D36,PREÇOS!$B$2:$C$32,2,FALSE),0) -> 0.95 | C36: =$A$36*$B$36 -> 0 | D36: Mini Folhado Salgado
A38: Total: | C38: =SUM(C9:C37) -> 0
A40: Produtos Volantes
A41: PAX | C41: 0 | D41: PADARIA
A42: unidades | D42: Pães salgados e doces
A43: =$C$41*0.7 -> 0 | B43: =IFERROR(VLOOKUP(D43,PREÇOS!$B$2:$C$32,2,FALSE),0) -> 0.63 | C43: =$A$43*$B$43 -> 0 | D43: Pão de queijo
A44: =$C$41*0.3 -> 0 | B44: =IFERROR(VLOOKUP(D44,PREÇOS!$B$2:$C$32,2,FALSE),0) -> 0.95 | C44: =$A$44*$B$44 -> 0 | D44: Folhado Salgado
A45: =$C$41*0.6 -> 0 | B45: =IFERROR(VLOOKUP(D45,PREÇOS!$B$2:$C$32,2,FALSE),0) -> 0.95 | C45: =$A$45*$B$45 -> 0 | D45: Doce do Dia verificar cardápio
C46: =$A$46*$B$46 -> 0
C47: =$A$47*$B$47 -> 0
A49: Total: | C49: =SUM(C43:C47) -> 0
A51: Refeitório Funcionarios
A52: PAX | C52: 200 | D52: PADARIA
A53: unidades | D53: PÃES SALGADOS
A54: =$C$52*0.9 -> 180 | B54: =IFERROR(VLOOKUP(D54,PREÇOS!$B$2:$C$32,2,FALSE),0) -> 0.65 | C54: =$A$54*$B$54 -> 117 | D54: Pão Francês 50g
A55: =$C$52*0.6 -> 120 | B55: =IFERROR(VLOOKUP(D55,PREÇOS!$B$2:$C$32,2,FALSE),0) -> 0.8 | C55: =$A$55*$B55 -> 96 | D55: Pão de leite 50g
A58: Total: | C58: =SUM(C54:C57) -> 213

Sheet DIA 17
A1: HOTEL NANNAI MURO ALTO
A2: PADARIA / CONFEITARIA
A4: PRODUÇÃO | B4: Dia: 17/06/2026
A5: RESTAURANTE NANNAI
A6: PAX | C6: 0 | D6: PADARIA | F6: ATENÇÃO ALTERAR SOMENTE EM VERMELHO, ALTERAR SOMENTE O NUMERO DE PESSOAS PAX
A8: unidades | B8: VALOR | C8: TOTAL | D8: PÃES SALGADOS
A9: =$C$6*0.9 -> 0 | B9: =IFERROR(VLOOKUP(D9,PREÇOS!$B$2:$C$32,2,FALSE),0) -> 0.4 | C9: =$A$9*$B$9 -> 0 | D9: Mini Pão Francês
A10: =$C$6*0.2 -> 0 | B10: =IFERROR(VLOOKUP(D10,PREÇOS!$B$2:$C$32,2,FALSE),0) -> 0.6 | C10: =$A$10*$B$10 -> 0 | D10: Mini Pão Integral
A11: =$C$6*0.2 -> 0 | B11: =IFERROR(VLOOKUP(D11,PREÇOS!$B$2:$C$32,2,FALSE),0) -> 0.8 | C11: =$A$11*$B$11 -> 0 | D11: Mini Australiano
A12: =$C$6*0.2 -> 0 | B12: =IFERROR(VLOOKUP(D12,PREÇOS!$B$2:$C$32,2,FALSE),0) -> 0.45 | C12: =$A$12*$B$12 -> 0 | D12: Mini Pão Gergilim
A13: =$C$6*0.2 -> 0 | B13: =IFERROR(VLOOKUP(D13,PREÇOS!$B$2:$C$32,2,FALSE),0) -> 0 | C13: =$A$13*$B$13 -> 0 | D13: Mini Pão de Milho ou
A14: =$C$6*0.1 -> 0 | B14: =IFERROR(VLOOKUP(D14,PREÇOS!$B$2:$C$32,2,FALSE),0) -> 0 | C14: =$A$14*$B$14 -> 0 | D14: Mini Baguete Rustica
A15: =$C$6*0.2 -> 0 | B15: =IFERROR(VLOOKUP(D15,PREÇOS!$B$2:$C$32,2,FALSE),0) -> 0.8 | C15: =$A$15*$B$15 -> 0 | D15: Mini Pão Calabresa
A16: =$C$6*0.2 -> 0 | B16: =IFERROR(VLOOKUP(D16,PREÇOS!$B$2:$C$32,2,FALSE),0) -> 0.7 | C16: =$A$16*$B$16 -> 0 | D16: Mini Pão Delicia recheado
A17: =$C$6*0.01 -> 0 | B17: =IFERROR(VLOOKUP(D17,PREÇOS!$B$2:$C$32,2,FALSE),0) -> 1.55 | C17: =$A$17*$B$17 -> 0 | D17: Focaccia recheada
A18: =$C$6*0.3 -> 0 | B18: =IFERROR(VLOOKUP(D18,PREÇOS!$B$2:$C$32,2,FALSE),0) -> 0.4 | C18: =$A$18*$B$18 -> 0 | D18: Mini Tiger
A19: =$C$6*0.2 -> 0 | B19: =IFERROR(VLOOKUP(D19,PREÇOS!$B$2:$C$32,2,FALSE),0) -> 0.8 | C19: =$A$19*$B$19 -> 0 | D19: Mini Pão de Frios
A20: =$C$6*0.004 -> 0 | B20: =IFERROR(VLOOKUP(D20,PREÇOS!$B$2:$C$32,2,FALSE),0) -> 3 | C20: =$A$20*$B$20 -> 0 | D20: Pão de Forma integral
A21: =$C$6*0.009 -> 0 | B21: =IFERROR(VLOOKUP(D21,PREÇOS!$B$2:$C$32,2,FALSE),0) -> 2.8 | C21: =$A$21*$B$21 -> 0 | D21: Pão de forma Tradicional
A22: =$C$6*0.004 -> 0 | B22: =IFERROR(VLOOKUP(D22,PREÇOS!$B$2:$C$32,2,FALSE),0) -> 3 | C22: =$A$22*$B$22 -> 0 | D22: Pão de Forma Maritoso
A23: =$C$6*0.04 -> 0 | B23: =IFERROR(VLOOKUP(D23,PREÇOS!$B$2:$C$32,2,FALSE),0) -> 2.6 | C23: =$A$23*$B$23 -> 0 | D23: Baguete Francesa 300g
A24: =$C$6*0.04 -> 0 | B24: =IFERROR(VLOOKUP(D24,PREÇOS!$B$2:$C$32,2,FALSE),0) -> 3.8 | C24: =$A$24*$B$24 -> 0 | D24: Pães de Decoração Rustico
D25: PÃES DOCES
A26: =$C$6*0.2 -> 0 | B26: =IFERROR(VLOOKUP(D26,PREÇOS!$B$2:$C$32,2,FALSE),0) -> 0.6 | C26: =$A$26*$B$26 -> 0 | D26: Mini Brioche ou Pão de Açucar
A27: =$C$6*0.2 -> 0 | B27: =IFERROR(VLOOKUP(D27,PREÇOS!$B$2:$C$32,2,FALSE),0) -> 0.5 | C27: =$A$27*$B$27 -> 0 | D27: Mini Bisnaguinha
A28: =$C$6*0.1 -> 0 | B28: =IFERROR(VLOOKUP(D28,PREÇOS!$B$2:$C$32,2,FALSE),0) -> 0.75 | C28: =$A$28*$B$28 -> 0 | D28: Mini Pão de coco
A29: =$C$6*0.1 -> 0 | B29: =IFERROR(VLOOKUP(D29,PREÇOS!$B$2:$C$32,2,FALSE),0) -> 0.6 | C29: =$A$29*$B$29 -> 0 | D29: Mini Pão doce
A30: =$C$6*0.2 -> 0 | B30: =IFERROR(VLOOKUP(D30,PREÇOS!$B$2:$C$32,2,FALSE),0) -> 0.8 | C30: =$A$30*$B$30 -> 0 | D30: Mini Donuts
A31: =$C$6*0.2 -> 0 | B31: =IFERROR(VLOOKUP(D31,PREÇOS!$B$2:$C$32,2,FALSE),0) -> 0.8 | C31: =$A$31*$B$31 -> 0 | D31: Mini Sonho
A32: =$C$6*0.2 -> 0 | B32: =IFERROR(VLOOKUP(D32,PREÇOS!$B$2:$C$32,2,FALSE),0) -> 0.85 | C32: =$A$32*$B$32 -> 0 | D32: Mini cookies
D33: FOLHADOS
A34: =$C$6*0.7 -> 0 | B34: =IFERROR(VLOOKUP(D34,PREÇOS!$B$2:$C$32,2,FALSE),0) -> 1.6 | D34: Mini Croissant
A35: =$C$6*0.5 -> 0 | B35: =IFERROR(VLOOKUP(D35,PREÇOS!$B$2:$C$32,2,FALSE),0) -> 1.8 | C35: =$A$35*$B$35 -> 0 | D35: Mini Pão de Chocolate
A36: =$C$6*0.5 -> 0 | B36: =IFERROR(VLOOKUP(D36,PREÇOS!$B$2:$C$32,2,FALSE),0) -> 0.95 | C36: =$A$36*$B$36 -> 0 | D36: Mini Folhado Salgado
A38: Total: | C38: =SUM(C9:C37) -> 0
A40: Produtos Volantes
A41: PAX | C41: 0 | D41: PADARIA
A42: unidades | D42: Pães salgados e doces
A43: =$C$41*0.7 -> 0 | B43: =IFERROR(VLOOKUP(D43,PREÇOS!$B$2:$C$32,2,FALSE),0) -> 0.63 | C43: =$A$43*$B$43 -> 0 | D43: Pão de queijo
A44: =$C$41*0.3 -> 0 | B44: =IFERROR(VLOOKUP(D44,PREÇOS!$B$2:$C$32,2,FALSE),0) -> 0.95 | C44: =$A$44*$B$44 -> 0 | D44: Folhado Salgado
A45: =$C$41*0.6 -> 0 | B45: =IFERROR(VLOOKUP(D45,PREÇOS!$B$2:$C$32,2,FALSE),0) -> 0.95 | C45: =$A$45*$B$45 -> 0 | D45: Doce do Dia verificar cardápio
C46: =$A$46*$B$46 -> 0
C47: =$A$47*$B$47 -> 0
A49: Total: | C49: =SUM(C43:C47) -> 0
A51: Refeitório Funcionarios
A52: PAX | C52: 200 | D52: PADARIA
A53: unidades | D53: PÃES SALGADOS
A54: =$C$52*0.9 -> 180 | B54: =IFERROR(VLOOKUP(D54,PREÇOS!$B$2:$C$32,2,FALSE),0) -> 0.65 | C54: =$A$54*$B$54 -> 117 | D54: Pão Francês 50g
A55: =$C$52*0.6 -> 120 | B55: =IFERROR(VLOOKUP(D55,PREÇOS!$B$2:$C$32,2,FALSE),0) -> 0.8 | C55: =$A$55*$B55 -> 96 | D55: Pão de leite 50g
A58: Total: | C58: =SUM(C54:C57) -> 213

Sheet DIA 18
A1: HOTEL NANNAI MURO ALTO
A2: PADARIA / CONFEITARIA
A4: PRODUÇÃO | B4: Dia: 18/06/2026
A5: RESTAURANTE NANNAI
A6: PAX | C6: 0 | D6: PADARIA | F6: ATENÇÃO ALTERAR SOMENTE EM VERMELHO, ALTERAR SOMENTE O NUMERO DE PESSOAS PAX
A8: unidades | B8: VALOR | C8: TOTAL | D8: PÃES SALGADOS
A9: =$C$6*0.9 -> 0 | B9: =IFERROR(VLOOKUP(D9,PREÇOS!$B$2:$C$32,2,FALSE),0) -> 0.4 | C9: =$A$9*$B$9 -> 0 | D9: Mini Pão Francês
A10: =$C$6*0.2 -> 0 | B10: =IFERROR(VLOOKUP(D10,PREÇOS!$B$2:$C$32,2,FALSE),0) -> 0.6 | C10: =$A$10*$B$10 -> 0 | D10: Mini Pão Integral
A11: =$C$6*0.2 -> 0 | B11: =IFERROR(VLOOKUP(D11,PREÇOS!$B$2:$C$32,2,FALSE),0) -> 0.8 | C11: =$A$11*$B$11 -> 0 | D11: Mini Australiano
A12: =$C$6*0.2 -> 0 | B12: =IFERROR(VLOOKUP(D12,PREÇOS!$B$2:$C$32,2,FALSE),0) -> 0.45 | C12: =$A$12*$B$12 -> 0 | D12: Mini Pão Gergilim
A13: =$C$6*0.2 -> 0 | B13: =IFERROR(VLOOKUP(D13,PREÇOS!$B$2:$C$32,2,FALSE),0) -> 0 | C13: =$A$13*$B$13 -> 0 | D13: Mini Pão de Milho ou
A14: =$C$6*0.1 -> 0 | B14: =IFERROR(VLOOKUP(D14,PREÇOS!$B$2:$C$32,2,FALSE),0) -> 0 | C14: =$A$14*$B$14 -> 0 | D14: Mini Baguete Rustica
A15: =$C$6*0.2 -> 0 | B15: =IFERROR(VLOOKUP(D15,PREÇOS!$B$2:$C$32,2,FALSE),0) -> 0.8 | C15: =$A$15*$B$15 -> 0 | D15: Mini Pão Calabresa
A16: =$C$6*0.2 -> 0 | B16: =IFERROR(VLOOKUP(D16,PREÇOS!$B$2:$C$32,2,FALSE),0) -> 0.7 | C16: =$A$16*$B$16 -> 0 | D16: Mini Pão Delicia recheado
A17: =$C$6*0.01 -> 0 | B17: =IFERROR(VLOOKUP(D17,PREÇOS!$B$2:$C$32,2,FALSE),0) -> 1.55 | C17: =$A$17*$B$17 -> 0 | D17: Focaccia recheada
A18: =$C$6*0.3 -> 0 | B18: =IFERROR(VLOOKUP(D18,PREÇOS!$B$2:$C$32,2,FALSE),0) -> 0.4 | C18: =$A$18*$B$18 -> 0 | D18: Mini Tiger
A19: =$C$6*0.2 -> 0 | B19: =IFERROR(VLOOKUP(D19,PREÇOS!$B$2:$C$32,2,FALSE),0) -> 0.8 | C19: =$A$19*$B$19 -> 0 | D19: Mini Pão de Frios
A20: =$C$6*0.004 -> 0 | B20: =IFERROR(VLOOKUP(D20,PREÇOS!$B$2:$C$32,2,FALSE),0) -> 3 | C20: =$A$20*$B$20 -> 0 | D20: Pão de Forma integral
A21: =$C$6*0.009 -> 0 | B21: =IFERROR(VLOOKUP(D21,PREÇOS!$B$2:$C$32,2,FALSE),0) -> 2.8 | C21: =$A$21*$B$21 -> 0 | D21: Pão de forma Tradicional
A22: =$C$6*0.004 -> 0 | B22: =IFERROR(VLOOKUP(D22,PREÇOS!$B$2:$C$32,2,FALSE),0) -> 3 | C22: =$A$22*$B$22 -> 0 | D22: Pão de Forma Maritoso
A23: =$C$6*0.04 -> 0 | B23: =IFERROR(VLOOKUP(D23,PREÇOS!$B$2:$C$32,2,FALSE),0) -> 2.6 | C23: =$A$23*$B$23 -> 0 | D23: Baguete Francesa 300g
A24: =$C$6*0.04 -> 0 | B24: =IFERROR(VLOOKUP(D24,PREÇOS!$B$2:$C$32,2,FALSE),0) -> 3.8 | C24: =$A$24*$B$24 -> 0 | D24: Pães de Decoração Rustico
D25: PÃES DOCES
A26: =$C$6*0.2 -> 0 | B26: =IFERROR(VLOOKUP(D26,PREÇOS!$B$2:$C$32,2,FALSE),0) -> 0.6 | C26: =$A$26*$B$26 -> 0 | D26: Mini Brioche ou Pão de Açucar
A27: =$C$6*0.2 -> 0 | B27: =IFERROR(VLOOKUP(D27,PREÇOS!$B$2:$C$32,2,FALSE),0) -> 0.5 | C27: =$A$27*$B$27 -> 0 | D27: Mini Bisnaguinha
A28: =$C$6*0.1 -> 0 | B28: =IFERROR(VLOOKUP(D28,PREÇOS!$B$2:$C$32,2,FALSE),0) -> 0.75 | C28: =$A$28*$B$28 -> 0 | D28: Mini Pão de coco
A29: =$C$6*0.1 -> 0 | B29: =IFERROR(VLOOKUP(D29,PREÇOS!$B$2:$C$32,2,FALSE),0) -> 0.6 | C29: =$A$29*$B$29 -> 0 | D29: Mini Pão doce
A30: =$C$6*0.2 -> 0 | B30: =IFERROR(VLOOKUP(D30,PREÇOS!$B$2:$C$32,2,FALSE),0) -> 0.8 | C30: =$A$30*$B$30 -> 0 | D30: Mini Donuts
A31: =$C$6*0.2 -> 0 | B31: =IFERROR(VLOOKUP(D31,PREÇOS!$B$2:$C$32,2,FALSE),0) -> 0.8 | C31: =$A$31*$B$31 -> 0 | D31: Mini Sonho
A32: =$C$6*0.2 -> 0 | B32: =IFERROR(VLOOKUP(D32,PREÇOS!$B$2:$C$32,2,FALSE),0) -> 0.85 | C32: =$A$32*$B$32 -> 0 | D32: Mini cookies
D33: FOLHADOS
A34: =$C$6*0.7 -> 0 | B34: =IFERROR(VLOOKUP(D34,PREÇOS!$B$2:$C$32,2,FALSE),0) -> 1.6 | C34: =$A$34*$B$34 -> 0 | D34: Mini Croissant
A35: =$C$6*0.5 -> 0 | B35: =IFERROR(VLOOKUP(D35,PREÇOS!$B$2:$C$32,2,FALSE),0) -> 1.8 | C35: =$A$35*$B$35 -> 0 | D35: Mini Pão de Chocolate
A36: =$C$6*0.5 -> 0 | B36: =IFERROR(VLOOKUP(D36,PREÇOS!$B$2:$C$32,2,FALSE),0) -> 0.95 | C36: =$A$36*$B$36 -> 0 | D36: Mini Folhado Salgado
A38: Total: | C38: =SUM(C9:C37) -> 0
A40: Produtos Volantes
A41: PAX | C41: 0 | D41: PADARIA
A42: unidades | D42: Pães salgados e doces
A43: =$C$41*0.7 -> 0 | B43: =IFERROR(VLOOKUP(D43,PREÇOS!$B$2:$C$32,2,FALSE),0) -> 0.63 | C43: =$A$43*$B$43 -> 0 | D43: Pão de queijo
A44: =$C$41*0.3 -> 0 | B44: =IFERROR(VLOOKUP(D44,PREÇOS!$B$2:$C$32,2,FALSE),0) -> 0.95 | C44: =$A$44*$B$44 -> 0 | D44: Folhado Salgado
A45: =$C$41*0.6 -> 0 | B45: =IFERROR(VLOOKUP(D45,PREÇOS!$B$2:$C$32,2,FALSE),0) -> 0.95 | C45: =$A$45*$B$45 -> 0 | D45: Doce do Dia verificar cardápio
C46: =$A$46*$B$46 -> 0
C47: =$A$47*$B$47 -> 0
A49: Total: | C49: =SUM(C43:C47) -> 0
A51: Refeitório Funcionarios
A52: PAX | C52: 200 | D52: PADARIA
A53: unidades | D53: PÃES SALGADOS
A54: =$C$52*0.9 -> 180 | B54: =IFERROR(VLOOKUP(D54,PREÇOS!$B$2:$C$32,2,FALSE),0) -> 0.65 | C54: =$A$54*$B$54 -> 117 | D54: Pão Francês 50g
A55: =$C$52*0.6 -> 120 | B55: =IFERROR(VLOOKUP(D55,PREÇOS!$B$2:$C$32,2,FALSE),0) -> 0.8 | C55: =$A$55*$B55 -> 96 | D55: Pão de leite 50g
A58: Total: | C58: =SUM(C54:C57) -> 213

Sheet DIA 19
A1: HOTEL NANNAI MURO ALTO
A2: PADARIA / CONFEITARIA
A4: PRODUÇÃO | B4: Dia: 19/06/2026
A5: RESTAURANTE NANNAI
A6: PAX | C6: 0 | D6: PADARIA | F6: ATENÇÃO ALTERAR SOMENTE EM VERMELHO, ALTERAR SOMENTE O NUMERO DE PESSOAS PAX
A8: unidades | B8: VALOR | C8: TOTAL | D8: PÃES SALGADOS
A9: =$C$6*0.9 -> 0 | B9: =IFERROR(VLOOKUP(D9,PREÇOS!$B$2:$C$32,2,FALSE),0) -> 0.4 | C9: =$A$9*$B$9 -> 0 | D9: Mini Pão Francês
A10: =$C$6*0.2 -> 0 | B10: =IFERROR(VLOOKUP(D10,PREÇOS!$B$2:$C$32,2,FALSE),0) -> 0.6 | C10: =$A$10*$B$10 -> 0 | D10: Mini Pão Integral
A11: =$C$6*0.2 -> 0 | B11: =IFERROR(VLOOKUP(D11,PREÇOS!$B$2:$C$32,2,FALSE),0) -> 0.8 | C11: =$A$11*$B$11 -> 0 | D11: Mini Australiano
A12: =$C$6*0.2 -> 0 | B12: =IFERROR(VLOOKUP(D12,PREÇOS!$B$2:$C$32,2,FALSE),0) -> 0.45 | C12: =$A$12*$B$12 -> 0 | D12: Mini Pão Gergilim
A13: =$C$6*0.2 -> 0 | B13: =IFERROR(VLOOKUP(D13,PREÇOS!$B$2:$C$32,2,FALSE),0) -> 0 | C13: =$A$13*$B$13 -> 0 | D13: Mini Pão de Milho ou
A14: =$C$6*0.1 -> 0 | B14: =IFERROR(VLOOKUP(D14,PREÇOS!$B$2:$C$32,2,FALSE),0) -> 0 | C14: =$A$14*$B$14 -> 0 | D14: Mini Baguete Rustica
A15: =$C$6*0.2 -> 0 | B15: =IFERROR(VLOOKUP(D15,PREÇOS!$B$2:$C$32,2,FALSE),0) -> 0.8 | C15: =$A$15*$B$15 -> 0 | D15: Mini Pão Calabresa
A16: =$C$6*0.2 -> 0 | B16: =IFERROR(VLOOKUP(D16,PREÇOS!$B$2:$C$32,2,FALSE),0) -> 0.7 | C16: =$A$16*$B$16 -> 0 | D16: Mini Pão Delicia recheado
A17: =$C$6*0.01 -> 0 | B17: =IFERROR(VLOOKUP(D17,PREÇOS!$B$2:$C$32,2,FALSE),0) -> 1.55 | C17: =$A$17*$B$17 -> 0 | D17: Focaccia recheada
A18: =$C$6*0.3 -> 0 | B18: =IFERROR(VLOOKUP(D18,PREÇOS!$B$2:$C$32,2,FALSE),0) -> 0.4 | C18: =$A$18*$B$18 -> 0 | D18: Mini Tiger
A19: =$C$6*0.2 -> 0 | B19: =IFERROR(VLOOKUP(D19,PREÇOS!$B$2:$C$32,2,FALSE),0) -> 0.8 | C19: =$A$19*$B$19 -> 0 | D19: Mini Pão de Frios
A20: =$C$6*0.004 -> 0 | B20: =IFERROR(VLOOKUP(D20,PREÇOS!$B$2:$C$32,2,FALSE),0) -> 3 | C20: =$A$20*$B$20 -> 0 | D20: Pão de Forma integral
A21: =$C$6*0.009 -> 0 | B21: =IFERROR(VLOOKUP(D21,PREÇOS!$B$2:$C$32,2,FALSE),0) -> 2.8 | C21: =$A$21*$B$21 -> 0 | D21: Pão de forma Tradicional
A22: =$C$6*0.004 -> 0 | B22: =IFERROR(VLOOKUP(D22,PREÇOS!$B$2:$C$32,2,FALSE),0) -> 3 | C22: =$A$22*$B$22 -> 0 | D22: Pão de Forma Maritoso
A23: =$C$6*0.04 -> 0 | B23: =IFERROR(VLOOKUP(D23,PREÇOS!$B$2:$C$32,2,FALSE),0) -> 2.6 | C23: =$A$23*$B$23 -> 0 | D23: Baguete Francesa 300g
A24: =$C$6*0.04 -> 0 | B24: =IFERROR(VLOOKUP(D24,PREÇOS!$B$2:$C$32,2,FALSE),0) -> 3.8 | C24: =$A$24*$B$24 -> 0 | D24: Pães de Decoração Rustico
D25: PÃES DOCES
A26: =$C$6*0.2 -> 0 | B26: =IFERROR(VLOOKUP(D26,PREÇOS!$B$2:$C$32,2,FALSE),0) -> 0.6 | C26: =$A$26*$B$26 -> 0 | D26: Mini Brioche ou Pão de Açucar
A27: =$C$6*0.2 -> 0 | B27: =IFERROR(VLOOKUP(D27,PREÇOS!$B$2:$C$32,2,FALSE),0) -> 0.5 | C27: =$A$27*$B$27 -> 0 | D27: Mini Bisnaguinha
A28: =$C$6*0.1 -> 0 | B28: =IFERROR(VLOOKUP(D28,PREÇOS!$B$2:$C$32,2,FALSE),0) -> 0.75 | C28: =$A$28*$B$28 -> 0 | D28: Mini Pão de coco
A29: =$C$6*0.1 -> 0 | B29: =IFERROR(VLOOKUP(D29,PREÇOS!$B$2:$C$32,2,FALSE),0) -> 0.6 | C29: =$A$29*$B$29 -> 0 | D29: Mini Pão doce
A30: =$C$6*0.2 -> 0 | B30: =IFERROR(VLOOKUP(D30,PREÇOS!$B$2:$C$32,2,FALSE),0) -> 0.8 | C30: =$A$30*$B$30 -> 0 | D30: Mini Donuts
A31: =$C$6*0.2 -> 0 | B31: =IFERROR(VLOOKUP(D31,PREÇOS!$B$2:$C$32,2,FALSE),0) -> 0.8 | C31: =$A$31*$B$31 -> 0 | D31: Mini Sonho
A32: =$C$6*0.2 -> 0 | B32: =IFERROR(VLOOKUP(D32,PREÇOS!$B$2:$C$32,2,FALSE),0) -> 0.85 | C32: =$A$32*$B$32 -> 0 | D32: Mini cookies
D33: FOLHADOS
A34: =$C$6*0.7 -> 0 | B34: =IFERROR(VLOOKUP(D34,PREÇOS!$B$2:$C$32,2,FALSE),0) -> 1.6 | C34: =$A$34*$B$34 -> 0 | D34: Mini Croissant
A35: =$C$6*0.5 -> 0 | B35: =IFERROR(VLOOKUP(D35,PREÇOS!$B$2:$C$32,2,FALSE),0) -> 1.8 | C35: =$A$35*$B$35 -> 0 | D35: Mini Pão de Chocolate
A36: =$C$6*0.5 -> 0 | B36: =IFERROR(VLOOKUP(D36,PREÇOS!$B$2:$C$32,2,FALSE),0) -> 0.95 | C36: =$A$36*$B$36 -> 0 | D36: Mini Folhado Salgado
A38: Total: | C38: =SUM(C9:C37) -> 0
A40: Produtos Volantes
A41: PAX | C41: 0 | D41: PADARIA
A42: unidades | D42: Pães salgados e doces
A43: =$C$41*0.7 -> 0 | B43: =IFERROR(VLOOKUP(D43,PREÇOS!$B$2:$C$32,2,FALSE),0) -> 0.63 | C43: =$A$43*$B$43 -> 0 | D43: Pão de queijo
A44: =$C$41*0.3 -> 0 | B44: =IFERROR(VLOOKUP(D44,PREÇOS!$B$2:$C$32,2,FALSE),0) -> 0.95 | C44: =$A$44*$B$44 -> 0 | D44: Folhado Salgado
A45: =$C$41*0.6 -> 0 | B45: =IFERROR(VLOOKUP(D45,PREÇOS!$B$2:$C$32,2,FALSE),0) -> 0.95 | C45: =$A$45*$B$45 -> 0 | D45: Doce do Dia verificar cardápio
C46: =$A$46*$B$46 -> 0
C47: =$A$47*$B$47 -> 0
A49: Total: | C49: =SUM(C43:C47) -> 0
A51: Refeitório Funcionarios
A52: PAX | C52: 200 | D52: PADARIA
A53: unidades | D53: PÃES SALGADOS
A54: =$C$52*0.9 -> 180 | B54: =IFERROR(VLOOKUP(D54,PREÇOS!$B$2:$C$32,2,FALSE),0) -> 0.65 | C54: =$A$54*$B$54 -> 117 | D54: Pão Francês 50g
A55: =$C$52*0.6 -> 120 | B55: =IFERROR(VLOOKUP(D55,PREÇOS!$B$2:$C$32,2,FALSE),0) -> 0.8 | C55: =$A$55*$B55 -> 96 | D55: Pão de leite 50g
A58: Total: | C58: =SUM(C54:C57) -> 213

Sheet DIA 20
A1: HOTEL NANNAI MURO ALTO
A2: PADARIA / CONFEITARIA
A4: PRODUÇÃO | B4: Dia: 20/06/2026
A5: RESTAURANTE NANNAI
A6: PAX | C6: 0 | D6: PADARIA | F6: ATENÇÃO ALTERAR SOMENTE EM VERMELHO, ALTERAR SOMENTE O NUMERO DE PESSOAS PAX
A8: unidades | B8: VALOR | C8: TOTAL | D8: PÃES SALGADOS
A9: =$C$6*0.9 -> 0 | B9: =IFERROR(VLOOKUP(D9,PREÇOS!$B$2:$C$32,2,FALSE),0) -> 0.4 | C9: =$A$9*$B$9 -> 0 | D9: Mini Pão Francês
A10: =$C$6*0.2 -> 0 | B10: =IFERROR(VLOOKUP(D10,PREÇOS!$B$2:$C$32,2,FALSE),0) -> 0.6 | C10: =$A$10*$B$10 -> 0 | D10: Mini Pão Integral
A11: =$C$6*0.2 -> 0 | B11: =IFERROR(VLOOKUP(D11,PREÇOS!$B$2:$C$32,2,FALSE),0) -> 0.8 | C11: =$A$11*$B$11 -> 0 | D11: Mini Australiano
A12: =$C$6*0.2 -> 0 | B12: =IFERROR(VLOOKUP(D12,PREÇOS!$B$2:$C$32,2,FALSE),0) -> 0.45 | C12: =$A$12*$B$12 -> 0 | D12: Mini Pão Gergilim
A13: =$C$6*0.2 -> 0 | B13: =IFERROR(VLOOKUP(D13,PREÇOS!$B$2:$C$32,2,FALSE),0) -> 0 | C13: =$A$13*$B$13 -> 0 | D13: Mini Pão de Milho ou
A14: =$C$6*0.1 -> 0 | B14: =IFERROR(VLOOKUP(D14,PREÇOS!$B$2:$C$32,2,FALSE),0) -> 0 | C14: =$A$14*$B$14 -> 0 | D14: Mini Baguete Rustica
A15: =$C$6*0.2 -> 0 | B15: =IFERROR(VLOOKUP(D15,PREÇOS!$B$2:$C$32,2,FALSE),0) -> 0.8 | C15: =$A$15*$B$15 -> 0 | D15: Mini Pão Calabresa
A16: =$C$6*0.2 -> 0 | B16: =IFERROR(VLOOKUP(D16,PREÇOS!$B$2:$C$32,2,FALSE),0) -> 0.7 | C16: =$A$16*$B$16 -> 0 | D16: Mini Pão Delicia recheado
A17: =$C$6*0.01 -> 0 | B17: =IFERROR(VLOOKUP(D17,PREÇOS!$B$2:$C$32,2,FALSE),0) -> 1.55 | C17: =$A$17*$B$17 -> 0 | D17: Focaccia recheada
A18: =$C$6*0.3 -> 0 | B18: =IFERROR(VLOOKUP(D18,PREÇOS!$B$2:$C$32,2,FALSE),0) -> 0.4 | C18: =$A$18*$B$18 -> 0 | D18: Mini Tiger
A19: =$C$6*0.2 -> 0 | B19: =IFERROR(VLOOKUP(D19,PREÇOS!$B$2:$C$32,2,FALSE),0) -> 0.8 | C19: =$A$19*$B$19 -> 0 | D19: Mini Pão de Frios
A20: =$C$6*0.004 -> 0 | B20: =IFERROR(VLOOKUP(D20,PREÇOS!$B$2:$C$32,2,FALSE),0) -> 3 | C20: =$A$20*$B$20 -> 0 | D20: Pão de Forma integral
A21: =$C$6*0.009 -> 0 | B21: =IFERROR(VLOOKUP(D21,PREÇOS!$B$2:$C$32,2,FALSE),0) -> 2.8 | C21: =$A$21*$B$21 -> 0 | D21: Pão de forma Tradicional
A22: =$C$6*0.004 -> 0 | B22: =IFERROR(VLOOKUP(D22,PREÇOS!$B$2:$C$32,2,FALSE),0) -> 3 | C22: =$A$22*$B$22 -> 0 | D22: Pão de Forma Maritoso
A23: =$C$6*0.04 -> 0 | B23: =IFERROR(VLOOKUP(D23,PREÇOS!$B$2:$C$32,2,FALSE),0) -> 2.6 | C23: =$A$23*$B$23 -> 0 | D23: Baguete Francesa 300g
A24: =$C$6*0.04 -> 0 | B24: =IFERROR(VLOOKUP(D24,PREÇOS!$B$2:$C$32,2,FALSE),0) -> 3.8 | C24: =$A$24*$B$24 -> 0 | D24: Pães de Decoração Rustico
D25: PÃES DOCES
A26: =$C$6*0.2 -> 0 | B26: =IFERROR(VLOOKUP(D26,PREÇOS!$B$2:$C$32,2,FALSE),0) -> 0.6 | C26: =$A$26*$B$26 -> 0 | D26: Mini Brioche ou Pão de Açucar
A27: =$C$6*0.2 -> 0 | B27: =IFERROR(VLOOKUP(D27,PREÇOS!$B$2:$C$32,2,FALSE),0) -> 0.5 | C27: =$A$27*$B$27 -> 0 | D27: Mini Bisnaguinha
A28: =$C$6*0.1 -> 0 | B28: =IFERROR(VLOOKUP(D28,PREÇOS!$B$2:$C$32,2,FALSE),0) -> 0.75 | C28: =$A$28*$B$28 -> 0 | D28: Mini Pão de coco
A29: =$C$6*0.1 -> 0 | B29: =IFERROR(VLOOKUP(D29,PREÇOS!$B$2:$C$32,2,FALSE),0) -> 0.6 | C29: =$A$29*$B$29 -> 0 | D29: Mini Pão doce
A30: =$C$6*0.2 -> 0 | B30: =IFERROR(VLOOKUP(D30,PREÇOS!$B$2:$C$32,2,FALSE),0) -> 0.8 | C30: =$A$30*$B$30 -> 0 | D30: Mini Donuts
A31: =$C$6*0.2 -> 0 | B31: =IFERROR(VLOOKUP(D31,PREÇOS!$B$2:$C$32,2,FALSE),0) -> 0.8 | C31: =$A$31*$B$31 -> 0 | D31: Mini Sonho
A32: =$C$6*0.2 -> 0 | B32: =IFERROR(VLOOKUP(D32,PREÇOS!$B$2:$C$32,2,FALSE),0) -> 0.85 | C32: =$A$32*$B$32 -> 0 | D32: Mini cookies
D33: FOLHADOS
A34: =$C$6*0.7 -> 0 | B34: =IFERROR(VLOOKUP(D34,PREÇOS!$B$2:$C$32,2,FALSE),0) -> 1.6 | C34: =$A$34*$B$34 -> 0 | D34: Mini Croissant
A35: =$C$6*0.5 -> 0 | B35: =IFERROR(VLOOKUP(D35,PREÇOS!$B$2:$C$32,2,FALSE),0) -> 1.8 | C35: =$A$35*$B$35 -> 0 | D35: Mini Pão de Chocolate
A36: =$C$6*0.5 -> 0 | B36: =IFERROR(VLOOKUP(D36,PREÇOS!$B$2:$C$32,2,FALSE),0) -> 0.95 | C36: =$A$36*$B$36 -> 0 | D36: Mini Folhado Salgado
A38: Total: | C38: =SUM(C9:C37) -> 0
A40: Produtos Volantes
A41: PAX | C41: 0 | D41: PADARIA
A42: unidades | D42: Pães salgados e doces
A43: =$C$41*0.7 -> 0 | B43: =IFERROR(VLOOKUP(D43,PREÇOS!$B$2:$C$32,2,FALSE),0) -> 0.63 | C43: =$A$43*$B$43 -> 0 | D43: Pão de queijo
A44: =$C$41*0.3 -> 0 | B44: =IFERROR(VLOOKUP(D44,PREÇOS!$B$2:$C$32,2,FALSE),0) -> 0.95 | C44: =$A$44*$B$44 -> 0 | D44: Folhado Salgado
A45: =$C$41*0.6 -> 0 | B45: =IFERROR(VLOOKUP(D45,PREÇOS!$B$2:$C$32,2,FALSE),0) -> 0.95 | C45: =$A$45*$B$45 -> 0 | D45: Doce do Dia verificar cardápio
C46: =$A$46*$B$46 -> 0
C47: =$A$47*$B$47 -> 0
A49: Total: | C49: =SUM(C43:C47) -> 0
A51: Refeitório Funcionarios
A52: PAX | C52: 200 | D52: PADARIA
A53: unidades | D53: PÃES SALGADOS
A54: =$C$52*0.9 -> 180 | B54: =IFERROR(VLOOKUP(D54,PREÇOS!$B$2:$C$32,2,FALSE),0) -> 0.65 | C54: =$A$54*$B$54 -> 117 | D54: Pão Francês 50g
A55: =$C$52*0.6 -> 120 | B55: =IFERROR(VLOOKUP(D55,PREÇOS!$B$2:$C$32,2,FALSE),0) -> 0.8 | C55: =$A$55*$B55 -> 96 | D55: Pão de leite 50g
A58: Total: | C58: =SUM(C54:C57) -> 213

Sheet DIA 21
A1: HOTEL NANNAI MURO ALTO
A2: PADARIA / CONFEITARIA
A4: PRODUÇÃO | B4: Dia: 21/06/2026
A5: RESTAURANTE NANNAI
A6: PAX | C6: 0 | D6: PADARIA | F6: ATENÇÃO ALTERAR SOMENTE EM VERMELHO, ALTERAR SOMENTE O NUMERO DE PESSOAS PAX
A8: unidades | B8: VALOR | C8: TOTAL | D8: PÃES SALGADOS
A9: =$C$6*0.9 -> 0 | B9: =IFERROR(VLOOKUP(D9,PREÇOS!$B$2:$C$32,2,FALSE),0) -> 0.4 | C9: =$A$9*$B$9 -> 0 | D9: Mini Pão Francês
A10: =$C$6*0.2 -> 0 | B10: =IFERROR(VLOOKUP(D10,PREÇOS!$B$2:$C$32,2,FALSE),0) -> 0.6 | C10: =$A$10*$B$10 -> 0 | D10: Mini Pão Integral
A11: =$C$6*0.2 -> 0 | B11: =IFERROR(VLOOKUP(D11,PREÇOS!$B$2:$C$32,2,FALSE),0) -> 0.8 | C11: =$A$11*$B$11 -> 0 | D11: Mini Australiano
A12: =$C$6*0.2 -> 0 | B12: =IFERROR(VLOOKUP(D12,PREÇOS!$B$2:$C$32,2,FALSE),0) -> 0.45 | C12: =$A$12*$B$12 -> 0 | D12: Mini Pão Gergilim
A13: =$C$6*0.2 -> 0 | B13: =IFERROR(VLOOKUP(D13,PREÇOS!$B$2:$C$32,2,FALSE),0) -> 0 | C13: =$A$13*$B$13 -> 0 | D13: Mini Pão de Milho ou
A14: =$C$6*0.1 -> 0 | B14: =IFERROR(VLOOKUP(D14,PREÇOS!$B$2:$C$32,2,FALSE),0) -> 0 | C14: =$A$14*$B$14 -> 0 | D14: Mini Baguete Rustica
A15: =$C$6*0.2 -> 0 | B15: =IFERROR(VLOOKUP(D15,PREÇOS!$B$2:$C$32,2,FALSE),0) -> 0.8 | C15: =$A$15*$B$15 -> 0 | D15: Mini Pão Calabresa
A16: =$C$6*0.2 -> 0 | B16: =IFERROR(VLOOKUP(D16,PREÇOS!$B$2:$C$32,2,FALSE),0) -> 0.7 | C16: =$A$16*$B$16 -> 0 | D16: Mini Pão Delicia recheado
A17: =$C$6*0.01 -> 0 | B17: =IFERROR(VLOOKUP(D17,PREÇOS!$B$2:$C$32,2,FALSE),0) -> 1.55 | C17: =$A$17*$B$17 -> 0 | D17: Focaccia recheada
A18: =$C$6*0.3 -> 0 | B18: =IFERROR(VLOOKUP(D18,PREÇOS!$B$2:$C$32,2,FALSE),0) -> 0.4 | C18: =$A$18*$B$18 -> 0 | D18: Mini Tiger
A19: =$C$6*0.2 -> 0 | B19: =IFERROR(VLOOKUP(D19,PREÇOS!$B$2:$C$32,2,FALSE),0) -> 0.8 | C19: =$A$19*$B$19 -> 0 | D19: Mini Pão de Frios
A20: =$C$6*0.004 -> 0 | B20: =IFERROR(VLOOKUP(D20,PREÇOS!$B$2:$C$32,2,FALSE),0) -> 3 | C20: =$A$20*$B$20 -> 0 | D20: Pão de Forma integral
A21: =$C$6*0.009 -> 0 | B21: =IFERROR(VLOOKUP(D21,PREÇOS!$B$2:$C$32,2,FALSE),0) -> 2.8 | C21: =$A$21*$B$21 -> 0 | D21: Pão de forma Tradicional
A22: =$C$6*0.004 -> 0 | B22: =IFERROR(VLOOKUP(D22,PREÇOS!$B$2:$C$32,2,FALSE),0) -> 3 | C22: =$A$22*$B$22 -> 0 | D22: Pão de Forma Maritoso
A23: =$C$6*0.04 -> 0 | B23: =IFERROR(VLOOKUP(D23,PREÇOS!$B$2:$C$32,2,FALSE),0) -> 2.6 | C23: =$A$23*$B$23 -> 0 | D23: Baguete Francesa 300g
A24: =$C$6*0.04 -> 0 | B24: =IFERROR(VLOOKUP(D24,PREÇOS!$B$2:$C$32,2,FALSE),0) -> 3.8 | C24: =$A$24*$B$24 -> 0 | D24: Pães de Decoração Rustico
D25: PÃES DOCES
A26: =$C$6*0.2 -> 0 | B26: =IFERROR(VLOOKUP(D26,PREÇOS!$B$2:$C$32,2,FALSE),0) -> 0.6 | C26: =$A$26*$B$26 -> 0 | D26: Mini Brioche ou Pão de Açucar
A27: =$C$6*0.2 -> 0 | B27: =IFERROR(VLOOKUP(D27,PREÇOS!$B$2:$C$32,2,FALSE),0) -> 0.5 | C27: =$A$27*$B$27 -> 0 | D27: Mini Bisnaguinha
A28: =$C$6*0.1 -> 0 | B28: =IFERROR(VLOOKUP(D28,PREÇOS!$B$2:$C$32,2,FALSE),0) -> 0.75 | C28: =$A$28*$B$28 -> 0 | D28: Mini Pão de coco
A29: =$C$6*0.1 -> 0 | B29: =IFERROR(VLOOKUP(D29,PREÇOS!$B$2:$C$32,2,FALSE),0) -> 0.6 | C29: =$A$29*$B$29 -> 0 | D29: Mini Pão doce
A30: =$C$6*0.2 -> 0 | B30: =IFERROR(VLOOKUP(D30,PREÇOS!$B$2:$C$32,2,FALSE),0) -> 0.8 | C30: =$A$30*$B$30 -> 0 | D30: Mini Donuts
A31: =$C$6*0.2 -> 0 | B31: =IFERROR(VLOOKUP(D31,PREÇOS!$B$2:$C$32,2,FALSE),0) -> 0.8 | C31: =$A$31*$B$31 -> 0 | D31: Mini Sonho
A32: =$C$6*0.2 -> 0 | B32: =IFERROR(VLOOKUP(D32,PREÇOS!$B$2:$C$32,2,FALSE),0) -> 0.85 | C32: =$A$32*$B$32 -> 0 | D32: Mini cookies
D33: FOLHADOS
A34: =$C$6*0.7 -> 0 | B34: =IFERROR(VLOOKUP(D34,PREÇOS!$B$2:$C$32,2,FALSE),0) -> 1.6 | C34: =$A$34*$B$34 -> 0 | D34: Mini Croissant
A35: =$C$6*0.5 -> 0 | B35: =IFERROR(VLOOKUP(D35,PREÇOS!$B$2:$C$32,2,FALSE),0) -> 1.8 | C35: =$A$35*$B$35 -> 0 | D35: Mini Pão de Chocolate
A36: =$C$6*0.5 -> 0 | B36: =IFERROR(VLOOKUP(D36,PREÇOS!$B$2:$C$32,2,FALSE),0) -> 0.95 | C36: =$A$36*$B$36 -> 0 | D36: Mini Folhado Salgado
A38: Total: | C38: =SUM(C9:C37) -> 0
A40: Produtos Volantes
A41: PAX | C41: 0 | D41: PADARIA
A42: unidades | D42: Pães salgados e doces
A43: =$C$41*0.7 -> 0 | B43: =IFERROR(VLOOKUP(D43,PREÇOS!$B$2:$C$32,2,FALSE),0) -> 0.63 | C43: =$A$43*$B$43 -> 0 | D43: Pão de queijo
A44: =$C$41*0.3 -> 0 | B44: =IFERROR(VLOOKUP(D44,PREÇOS!$B$2:$C$32,2,FALSE),0) -> 0.95 | C44: =$A$44*$B$44 -> 0 | D44: Folhado Salgado
A45: =$C$41*0.6 -> 0 | B45: =IFERROR(VLOOKUP(D45,PREÇOS!$B$2:$C$32,2,FALSE),0) -> 0.95 | C45: =$A$45*$B$45 -> 0 | D45: Doce do Dia verificar cardápio
C46: =$A$46*$B$46 -> 0
C47: =$A$47*$B$47 -> 0
A49: Total: | C49: =SUM(C43:C47) -> 0
A51: Refeitório Funcionarios
A52: PAX | C52: 200 | D52: PADARIA
A53: unidades | D53: PÃES SALGADOS
A54: =$C$52*0.9 -> 180 | B54: =IFERROR(VLOOKUP(D54,PREÇOS!$B$2:$C$32,2,FALSE),0) -> 0.65 | C54: =$A$54*$B$54 -> 117 | D54: Pão Francês 50g
A55: =$C$52*0.6 -> 120 | B55: =IFERROR(VLOOKUP(D55,PREÇOS!$B$2:$C$32,2,FALSE),0) -> 0.8 | C55: =$A$55*$B55 -> 96 | D55: Pão de leite 50g
A58: Total: | C58: =SUM(C54:C57) -> 213

Sheet DIA 22
A1: HOTEL NANNAI MURO ALTO
A2: PADARIA / CONFEITARIA
A4: PRODUÇÃO | B4: Dia: 22/06/2026
A5: RESTAURANTE NANNAI
A6: PAX | C6: 0 | D6: PADARIA | F6: ATENÇÃO ALTERAR SOMENTE EM VERMELHO, ALTERAR SOMENTE O NUMERO DE PESSOAS PAX
A8: unidades | B8: VALOR | C8: TOTAL | D8: PÃES SALGADOS
A9: =$C$6*0.9 -> 0 | B9: =IFERROR(VLOOKUP(D9,PREÇOS!$B$2:$C$32,2,FALSE),0) -> 0.4 | C9: =$A$9*$B$9 -> 0 | D9: Mini Pão Francês
A10: =$C$6*0.2 -> 0 | B10: =IFERROR(VLOOKUP(D10,PREÇOS!$B$2:$C$32,2,FALSE),0) -> 0.6 | C10: =$A$10*$B$10 -> 0 | D10: Mini Pão Integral
A11: =$C$6*0.2 -> 0 | B11: =IFERROR(VLOOKUP(D11,PREÇOS!$B$2:$C$32,2,FALSE),0) -> 0.8 | C11: =$A$11*$B$11 -> 0 | D11: Mini Australiano
A12: =$C$6*0.2 -> 0 | B12: =IFERROR(VLOOKUP(D12,PREÇOS!$B$2:$C$32,2,FALSE),0) -> 0.45 | C12: =$A$12*$B$12 -> 0 | D12: Mini Pão Gergilim
A13: =$C$6*0.2 -> 0 | B13: =IFERROR(VLOOKUP(D13,PREÇOS!$B$2:$C$32,2,FALSE),0) -> 0 | C13: =$A$13*$B$13 -> 0 | D13: Mini Pão de Milho ou
A14: =$C$6*0.1 -> 0 | B14: =IFERROR(VLOOKUP(D14,PREÇOS!$B$2:$C$32,2,FALSE),0) -> 0 | C14: =$A$14*$B$14 -> 0 | D14: Mini Baguete Rustica
A15: =$C$6*0.2 -> 0 | B15: =IFERROR(VLOOKUP(D15,PREÇOS!$B$2:$C$32,2,FALSE),0) -> 0.8 | C15: =$A$15*$B$15 -> 0 | D15: Mini Pão Calabresa
A16: =$C$6*0.2 -> 0 | B16: =IFERROR(VLOOKUP(D16,PREÇOS!$B$2:$C$32,2,FALSE),0) -> 0.7 | C16: =$A$16*$B$16 -> 0 | D16: Mini Pão Delicia recheado
A17: =$C$6*0.01 -> 0 | B17: =IFERROR(VLOOKUP(D17,PREÇOS!$B$2:$C$32,2,FALSE),0) -> 1.55 | C17: =$A$17*$B$17 -> 0 | D17: Focaccia recheada
A18: =$C$6*0.3 -> 0 | B18: =IFERROR(VLOOKUP(D18,PREÇOS!$B$2:$C$32,2,FALSE),0) -> 0.4 | C18: =$A$18*$B$18 -> 0 | D18: Mini Tiger
A19: =$C$6*0.2 -> 0 | B19: =IFERROR(VLOOKUP(D19,PREÇOS!$B$2:$C$32,2,FALSE),0) -> 0.8 | C19: =$A$19*$B$19 -> 0 | D19: Mini Pão de Frios
A20: =$C$6*0.004 -> 0 | B20: =IFERROR(VLOOKUP(D20,PREÇOS!$B$2:$C$32,2,FALSE),0) -> 3 | C20: =$A$20*$B$20 -> 0 | D20: Pão de Forma integral
A21: =$C$6*0.009 -> 0 | B21: =IFERROR(VLOOKUP(D21,PREÇOS!$B$2:$C$32,2,FALSE),0) -> 2.8 | C21: =$A$21*$B$21 -> 0 | D21: Pão de forma Tradicional
A22: =$C$6*0.004 -> 0 | B22: =IFERROR(VLOOKUP(D22,PREÇOS!$B$2:$C$32,2,FALSE),0) -> 3 | C22: =$A$22*$B$22 -> 0 | D22: Pão de Forma Maritoso
A23: =$C$6*0.04 -> 0 | B23: =IFERROR(VLOOKUP(D23,PREÇOS!$B$2:$C$32,2,FALSE),0) -> 2.6 | C23: =$A$23*$B$23 -> 0 | D23: Baguete Francesa 300g
A24: =$C$6*0.04 -> 0 | B24: =IFERROR(VLOOKUP(D24,PREÇOS!$B$2:$C$32,2,FALSE),0) -> 3.8 | C24: =$A$24*$B$24 -> 0 | D24: Pães de Decoração Rustico
D25: PÃES DOCES
A26: =$C$6*0.2 -> 0 | B26: =IFERROR(VLOOKUP(D26,PREÇOS!$B$2:$C$32,2,FALSE),0) -> 0.6 | C26: =$A$26*$B$26 -> 0 | D26: Mini Brioche ou Pão de Açucar
A27: =$C$6*0.2 -> 0 | B27: =IFERROR(VLOOKUP(D27,PREÇOS!$B$2:$C$32,2,FALSE),0) -> 0.5 | C27: =$A$27*$B$27 -> 0 | D27: Mini Bisnaguinha
A28: =$C$6*0.1 -> 0 | B28: =IFERROR(VLOOKUP(D28,PREÇOS!$B$2:$C$32,2,FALSE),0) -> 0.75 | C28: =$A$28*$B$28 -> 0 | D28: Mini Pão de coco
A29: =$C$6*0.1 -> 0 | B29: =IFERROR(VLOOKUP(D29,PREÇOS!$B$2:$C$32,2,FALSE),0) -> 0.6 | C29: =$A$29*$B$29 -> 0 | D29: Mini Pão doce
A30: =$C$6*0.2 -> 0 | B30: =IFERROR(VLOOKUP(D30,PREÇOS!$B$2:$C$32,2,FALSE),0) -> 0.8 | C30: =$A$30*$B$30 -> 0 | D30: Mini Donuts
A31: =$C$6*0.2 -> 0 | B31: =IFERROR(VLOOKUP(D31,PREÇOS!$B$2:$C$32,2,FALSE),0) -> 0.8 | C31: =$A$31*$B$31 -> 0 | D31: Mini Sonho
A32: =$C$6*0.2 -> 0 | B32: =IFERROR(VLOOKUP(D32,PREÇOS!$B$2:$C$32,2,FALSE),0) -> 0.85 | C32: =$A$32*$B$32 -> 0 | D32: Mini cookies
D33: FOLHADOS
A34: =$C$6*0.7 -> 0 | B34: =IFERROR(VLOOKUP(D34,PREÇOS!$B$2:$C$32,2,FALSE),0) -> 1.6 | C34: =$A$34*$B$34 -> 0 | D34: Mini Croissant
A35: =$C$6*0.5 -> 0 | B35: =IFERROR(VLOOKUP(D35,PREÇOS!$B$2:$C$32,2,FALSE),0) -> 1.8 | C35: =$A$35*$B$35 -> 0 | D35: Mini Pão de Chocolate
A36: =$C$6*0.5 -> 0 | B36: =IFERROR(VLOOKUP(D36,PREÇOS!$B$2:$C$32,2,FALSE),0) -> 0.95 | C36: =$A$36*$B$36 -> 0 | D36: Mini Folhado Salgado
A38: Total: | C38: =SUM(C9:C37) -> 0
A40: Produtos Volantes
A41: PAX | C41: 0 | D41: PADARIA
A42: unidades | D42: Pães salgados e doces
A43: =$C$41*0.7 -> 0 | B43: =IFERROR(VLOOKUP(D43,PREÇOS!$B$2:$C$32,2,FALSE),0) -> 0.63 | C43: =$A$43*$B$43 -> 0 | D43: Pão de queijo
A44: =$C$41*0.3 -> 0 | B44: =IFERROR(VLOOKUP(D44,PREÇOS!$B$2:$C$32,2,FALSE),0) -> 0.95 | C44: =$A$44*$B$44 -> 0 | D44: Folhado Salgado
A45: =$C$41*0.6 -> 0 | B45: =IFERROR(VLOOKUP(D45,PREÇOS!$B$2:$C$32,2,FALSE),0) -> 0.95 | C45: =$A$45*$B$45 -> 0 | D45: Doce do Dia verificar cardápio
C46: =$A$46*$B$46 -> 0
C47: =$A$47*$B$47 -> 0
A49: Total: | C49: =SUM(C43:C47) -> 0
A51: Refeitório Funcionarios
A52: PAX | C52: 200 | D52: PADARIA
A53: unidades | D53: PÃES SALGADOS
A54: =$C$52*0.9 -> 180 | B54: =IFERROR(VLOOKUP(D54,PREÇOS!$B$2:$C$32,2,FALSE),0) -> 0.65 | C54: =$A$54*$B$54 -> 117 | D54: Pão Francês 50g
A55: =$C$52*0.6 -> 120 | B55: =IFERROR(VLOOKUP(D55,PREÇOS!$B$2:$C$32,2,FALSE),0) -> 0.8 | C55: =$A$55*$B55 -> 96 | D55: Pão de leite 50g
A58: Total: | C58: =SUM(C54:C57) -> 213

Sheet DIA 23
A1: HOTEL NANNAI MURO ALTO
A2: PADARIA / CONFEITARIA
A4: PRODUÇÃO | B4: Dia: 23/06/2026
A5: RESTAURANTE NANNAI
A6: PAX | C6: 0 | D6: PADARIA | F6: ATENÇÃO ALTERAR SOMENTE EM VERMELHO, ALTERAR SOMENTE O NUMERO DE PESSOAS PAX
A8: unidades | B8: VALOR | C8: TOTAL | D8: PÃES SALGADOS
A9: =$C$6*0.9 -> 0 | B9: =IFERROR(VLOOKUP(D9,PREÇOS!$B$2:$C$32,2,FALSE),0) -> 0.4 | C9: =$A$9*$B$9 -> 0 | D9: Mini Pão Francês
A10: =$C$6*0.2 -> 0 | B10: =IFERROR(VLOOKUP(D10,PREÇOS!$B$2:$C$32,2,FALSE),0) -> 0.6 | C10: =$A$10*$B$10 -> 0 | D10: Mini Pão Integral
A11: =$C$6*0.2 -> 0 | B11: =IFERROR(VLOOKUP(D11,PREÇOS!$B$2:$C$32,2,FALSE),0) -> 0.8 | C11: =$A$11*$B$11 -> 0 | D11: Mini Australiano
A12: =$C$6*0.2 -> 0 | B12: =IFERROR(VLOOKUP(D12,PREÇOS!$B$2:$C$32,2,FALSE),0) -> 0.45 | C12: =$A$12*$B$12 -> 0 | D12: Mini Pão Gergilim
A13: =$C$6*0.2 -> 0 | B13: =IFERROR(VLOOKUP(D13,PREÇOS!$B$2:$C$32,2,FALSE),0) -> 0 | C13: =$A$13*$B$13 -> 0 | D13: Mini Pão de Milho ou
A14: =$C$6*0.1 -> 0 | B14: =IFERROR(VLOOKUP(D14,PREÇOS!$B$2:$C$32,2,FALSE),0) -> 0 | C14: =$A$14*$B$14 -> 0 | D14: Mini Baguete Rustica
A15: =$C$6*0.2 -> 0 | B15: =IFERROR(VLOOKUP(D15,PREÇOS!$B$2:$C$32,2,FALSE),0) -> 0.8 | C15: =$A$15*$B$15 -> 0 | D15: Mini Pão Calabresa
A16: =$C$6*0.2 -> 0 | B16: =IFERROR(VLOOKUP(D16,PREÇOS!$B$2:$C$32,2,FALSE),0) -> 0.7 | C16: =$A$16*$B$16 -> 0 | D16: Mini Pão Delicia recheado
A17: =$C$6*0.01 -> 0 | B17: =IFERROR(VLOOKUP(D17,PREÇOS!$B$2:$C$32,2,FALSE),0) -> 1.55 | C17: =$A$17*$B$17 -> 0 | D17: Focaccia recheada
A18: =$C$6*0.3 -> 0 | B18: =IFERROR(VLOOKUP(D18,PREÇOS!$B$2:$C$32,2,FALSE),0) -> 0.4 | C18: =$A$18*$B$18 -> 0 | D18: Mini Tiger
A19: =$C$6*0.2 -> 0 | B19: =IFERROR(VLOOKUP(D19,PREÇOS!$B$2:$C$32,2,FALSE),0) -> 0.8 | C19: =$A$19*$B$19 -> 0 | D19: Mini Pão de Frios
A20: =$C$6*0.004 -> 0 | B20: =IFERROR(VLOOKUP(D20,PREÇOS!$B$2:$C$32,2,FALSE),0) -> 3 | C20: =$A$20*$B$20 -> 0 | D20: Pão de Forma integral
A21: =$C$6*0.009 -> 0 | B21: =IFERROR(VLOOKUP(D21,PREÇOS!$B$2:$C$32,2,FALSE),0) -> 2.8 | C21: =$A$21*$B$21 -> 0 | D21: Pão de forma Tradicional
A22: =$C$6*0.004 -> 0 | B22: =IFERROR(VLOOKUP(D22,PREÇOS!$B$2:$C$32,2,FALSE),0) -> 3 | C22: =$A$22*$B$22 -> 0 | D22: Pão de Forma Maritoso
A23: =$C$6*0.04 -> 0 | B23: =IFERROR(VLOOKUP(D23,PREÇOS!$B$2:$C$32,2,FALSE),0) -> 2.6 | C23: =$A$23*$B$23 -> 0 | D23: Baguete Francesa 300g
A24: =$C$6*0.04 -> 0 | B24: =IFERROR(VLOOKUP(D24,PREÇOS!$B$2:$C$32,2,FALSE),0) -> 3.8 | C24: =$A$24*$B$24 -> 0 | D24: Pães de Decoração Rustico
D25: PÃES DOCES
A26: =$C$6*0.2 -> 0 | B26: =IFERROR(VLOOKUP(D26,PREÇOS!$B$2:$C$32,2,FALSE),0) -> 0.6 | C26: =$A$26*$B$26 -> 0 | D26: Mini Brioche ou Pão de Açucar
A27: =$C$6*0.2 -> 0 | B27: =IFERROR(VLOOKUP(D27,PREÇOS!$B$2:$C$32,2,FALSE),0) -> 0.5 | C27: =$A$27*$B$27 -> 0 | D27: Mini Bisnaguinha
A28: =$C$6*0.1 -> 0 | B28: =IFERROR(VLOOKUP(D28,PREÇOS!$B$2:$C$32,2,FALSE),0) -> 0.75 | C28: =$A$28*$B$28 -> 0 | D28: Mini Pão de coco
A29: =$C$6*0.1 -> 0 | B29: =IFERROR(VLOOKUP(D29,PREÇOS!$B$2:$C$32,2,FALSE),0) -> 0.6 | C29: =$A$29*$B$29 -> 0 | D29: Mini Pão doce
A30: =$C$6*0.2 -> 0 | B30: =IFERROR(VLOOKUP(D30,PREÇOS!$B$2:$C$32,2,FALSE),0) -> 0.8 | C30: =$A$30*$B$30 -> 0 | D30: Mini Donuts
A31: =$C$6*0.2 -> 0 | B31: =IFERROR(VLOOKUP(D31,PREÇOS!$B$2:$C$32,2,FALSE),0) -> 0.8 | C31: =$A$31*$B$31 -> 0 | D31: Mini Sonho
A32: =$C$6*0.2 -> 0 | B32: =IFERROR(VLOOKUP(D32,PREÇOS!$B$2:$C$32,2,FALSE),0) -> 0.85 | C32: =$A$32*$B$32 -> 0 | D32: Mini cookies
D33: FOLHADOS
A34: =$C$6*0.7 -> 0 | B34: =IFERROR(VLOOKUP(D34,PREÇOS!$B$2:$C$32,2,FALSE),0) -> 1.6 | C34: =$A$34*$B$34 -> 0 | D34: Mini Croissant
A35: =$C$6*0.5 -> 0 | B35: =IFERROR(VLOOKUP(D35,PREÇOS!$B$2:$C$32,2,FALSE),0) -> 1.8 | C35: =$A$35*$B$35 -> 0 | D35: Mini Pão de Chocolate
A36: =$C$6*0.5 -> 0 | B36: =IFERROR(VLOOKUP(D36,PREÇOS!$B$2:$C$32,2,FALSE),0) -> 0.95 | C36: =$A$36*$B$36 -> 0 | D36: Mini Folhado Salgado
A38: Total: | C38: =SUM(C9:C37) -> 0
A40: Produtos Volantes
A41: PAX | C41: 0 | D41: PADARIA
A42: unidades | D42: Pães salgados e doces
A43: =$C$41*0.7 -> 0 | B43: =IFERROR(VLOOKUP(D43,PREÇOS!$B$2:$C$32,2,FALSE),0) -> 0.63 | C43: =$A$43*$B$43 -> 0 | D43: Pão de queijo
A44: =$C$41*0.3 -> 0 | B44: =IFERROR(VLOOKUP(D44,PREÇOS!$B$2:$C$32,2,FALSE),0) -> 0.95 | C44: =$A$44*$B$44 -> 0 | D44: Folhado Salgado
A45: =$C$41*0.6 -> 0 | B45: =IFERROR(VLOOKUP(D45,PREÇOS!$B$2:$C$32,2,FALSE),0) -> 0.95 | C45: =$A$45*$B$45 -> 0 | D45: Doce do Dia verificar cardápio
C46: =$A$46*$B$46 -> 0
C47: =$A$47*$B$47 -> 0
A49: Total: | C49: =SUM(C43:C47) -> 0
A51: Refeitório Funcionarios
A52: PAX | C52: 200 | D52: PADARIA
A53: unidades | D53: PÃES SALGADOS
A54: =$C$52*0.9 -> 180 | B54: =IFERROR(VLOOKUP(D54,PREÇOS!$B$2:$C$32,2,FALSE),0) -> 0.65 | C54: =$A$54*$B$54 -> 117 | D54: Pão Francês 50g
A55: =$C$52*0.6 -> 120 | B55: =IFERROR(VLOOKUP(D55,PREÇOS!$B$2:$C$32,2,FALSE),0) -> 0.8 | C55: =$A$55*$B55 -> 96 | D55: Pão de leite 50g
A58: Total: | C58: =SUM(C54:C57) -> 213

Sheet DIA 24
A1: HOTEL NANNAI MURO ALTO
A2: PADARIA / CONFEITARIA
A4: PRODUÇÃO | B4: Dia: 24/06/2026
A5: RESTAURANTE NANNAI
A6: PAX | C6: 0 | D6: PADARIA | F6: ATENÇÃO ALTERAR SOMENTE EM VERMELHO, ALTERAR SOMENTE O NUMERO DE PESSOAS PAX
A8: unidades | B8: VALOR | C8: TOTAL | D8: PÃES SALGADOS
A9: =$C$6*0.9 -> 0 | B9: =IFERROR(VLOOKUP(D9,PREÇOS!$B$2:$C$32,2,FALSE),0) -> 0.4 | C9: =$A$9*$B$9 -> 0 | D9: Mini Pão Francês
A10: =$C$6*0.2 -> 0 | B10: =IFERROR(VLOOKUP(D10,PREÇOS!$B$2:$C$32,2,FALSE),0) -> 0.6 | C10: =$A$10*$B$10 -> 0 | D10: Mini Pão Integral
A11: =$C$6*0.2 -> 0 | B11: =IFERROR(VLOOKUP(D11,PREÇOS!$B$2:$C$32,2,FALSE),0) -> 0.8 | C11: =$A$11*$B$11 -> 0 | D11: Mini Australiano
A12: =$C$6*0.2 -> 0 | B12: =IFERROR(VLOOKUP(D12,PREÇOS!$B$2:$C$32,2,FALSE),0) -> 0.45 | C12: =$A$12*$B$12 -> 0 | D12: Mini Pão Gergilim
A13: =$C$6*0.2 -> 0 | B13: =IFERROR(VLOOKUP(D13,PREÇOS!$B$2:$C$32,2,FALSE),0) -> 0 | C13: =$A$13*$B$13 -> 0 | D13: Mini Pão de Milho ou
A14: =$C$6*0.1 -> 0 | B14: =IFERROR(VLOOKUP(D14,PREÇOS!$B$2:$C$32,2,FALSE),0) -> 0 | C14: =$A$14*$B$14 -> 0 | D14: Mini Baguete Rustica
A15: =$C$6*0.2 -> 0 | B15: =IFERROR(VLOOKUP(D15,PREÇOS!$B$2:$C$32,2,FALSE),0) -> 0.8 | C15: =$A$15*$B$15 -> 0 | D15: Mini Pão Calabresa
A16: =$C$6*0.2 -> 0 | B16: =IFERROR(VLOOKUP(D16,PREÇOS!$B$2:$C$32,2,FALSE),0) -> 0.7 | C16: =$A$16*$B$16 -> 0 | D16: Mini Pão Delicia recheado
A17: =$C$6*0.01 -> 0 | B17: =IFERROR(VLOOKUP(D17,PREÇOS!$B$2:$C$32,2,FALSE),0) -> 1.55 | C17: =$A$17*$B$17 -> 0 | D17: Focaccia recheada
A18: =$C$6*0.3 -> 0 | B18: =IFERROR(VLOOKUP(D18,PREÇOS!$B$2:$C$32,2,FALSE),0) -> 0.4 | C18: =$A$18*$B$18 -> 0 | D18: Mini Tiger
A19: =$C$6*0.2 -> 0 | B19: =IFERROR(VLOOKUP(D19,PREÇOS!$B$2:$C$32,2,FALSE),0) -> 0.8 | C19: =$A$19*$B$19 -> 0 | D19: Mini Pão de Frios
A20: =$C$6*0.004 -> 0 | B20: =IFERROR(VLOOKUP(D20,PREÇOS!$B$2:$C$32,2,FALSE),0) -> 3 | C20: =$A$20*$B$20 -> 0 | D20: Pão de Forma integral
A21: =$C$6*0.009 -> 0 | B21: =IFERROR(VLOOKUP(D21,PREÇOS!$B$2:$C$32,2,FALSE),0) -> 2.8 | C21: =$A$21*$B$21 -> 0 | D21: Pão de forma Tradicional
A22: =$C$6*0.004 -> 0 | B22: =IFERROR(VLOOKUP(D22,PREÇOS!$B$2:$C$32,2,FALSE),0) -> 3 | C22: =$A$22*$B$22 -> 0 | D22: Pão de Forma Maritoso
A23: =$C$6*0.04 -> 0 | B23: =IFERROR(VLOOKUP(D23,PREÇOS!$B$2:$C$32,2,FALSE),0) -> 2.6 | C23: =$A$23*$B$23 -> 0 | D23: Baguete Francesa 300g
A24: =$C$6*0.04 -> 0 | B24: =IFERROR(VLOOKUP(D24,PREÇOS!$B$2:$C$32,2,FALSE),0) -> 3.8 | C24: =$A$24*$B$24 -> 0 | D24: Pães de Decoração Rustico
D25: PÃES DOCES
A26: =$C$6*0.2 -> 0 | B26: =IFERROR(VLOOKUP(D26,PREÇOS!$B$2:$C$32,2,FALSE),0) -> 0.6 | C26: =$A$26*$B$26 -> 0 | D26: Mini Brioche ou Pão de Açucar
A27: =$C$6*0.2 -> 0 | B27: =IFERROR(VLOOKUP(D27,PREÇOS!$B$2:$C$32,2,FALSE),0) -> 0.5 | C27: =$A$27*$B$27 -> 0 | D27: Mini Bisnaguinha
A28: =$C$6*0.1 -> 0 | B28: =IFERROR(VLOOKUP(D28,PREÇOS!$B$2:$C$32,2,FALSE),0) -> 0.75 | C28: =$A$28*$B$28 -> 0 | D28: Mini Pão de coco
A29: =$C$6*0.1 -> 0 | B29: =IFERROR(VLOOKUP(D29,PREÇOS!$B$2:$C$32,2,FALSE),0) -> 0.6 | C29: =$A$29*$B$29 -> 0 | D29: Mini Pão doce
A30: =$C$6*0.2 -> 0 | B30: =IFERROR(VLOOKUP(D30,PREÇOS!$B$2:$C$32,2,FALSE),0) -> 0.8 | C30: =$A$30*$B$30 -> 0 | D30: Mini Donuts
A31: =$C$6*0.2 -> 0 | B31: =IFERROR(VLOOKUP(D31,PREÇOS!$B$2:$C$32,2,FALSE),0) -> 0.8 | C31: =$A$31*$B$31 -> 0 | D31: Mini Sonho
A32: =$C$6*0.2 -> 0 | B32: =IFERROR(VLOOKUP(D32,PREÇOS!$B$2:$C$32,2,FALSE),0) -> 0.85 | C32: =$A$32*$B$32 -> 0 | D32: Mini cookies
D33: FOLHADOS
A34: =$C$6*0.7 -> 0 | B34: =IFERROR(VLOOKUP(D34,PREÇOS!$B$2:$C$32,2,FALSE),0) -> 1.6 | C34: =$A$34*$B$34 -> 0 | D34: Mini Croissant
A35: =$C$6*0.5 -> 0 | B35: =IFERROR(VLOOKUP(D35,PREÇOS!$B$2:$C$32,2,FALSE),0) -> 1.8 | C35: =$A$35*$B$35 -> 0 | D35: Mini Pão de Chocolate
A36: =$C$6*0.5 -> 0 | B36: =IFERROR(VLOOKUP(D36,PREÇOS!$B$2:$C$32,2,FALSE),0) -> 0.95 | C36: =$A$36*$B$36 -> 0 | D36: Mini Folhado Salgado
A38: Total: | C38: =SUM(C9:C37) -> 0
A40: Produtos Volantes
A41: PAX | C41: 0 | D41: PADARIA
A42: unidades | D42: Pães salgados e doces
A43: =$C$41*0.7 -> 0 | B43: =IFERROR(VLOOKUP(D43,PREÇOS!$B$2:$C$32,2,FALSE),0) -> 0.63 | C43: =$A$43*$B$43 -> 0 | D43: Pão de queijo
A44: =$C$41*0.3 -> 0 | B44: =IFERROR(VLOOKUP(D44,PREÇOS!$B$2:$C$32,2,FALSE),0) -> 0.95 | C44: =$A$44*$B$44 -> 0 | D44: Folhado Salgado
A45: =$C$41*0.6 -> 0 | B45: =IFERROR(VLOOKUP(D45,PREÇOS!$B$2:$C$32,2,FALSE),0) -> 0.95 | C45: =$A$45*$B$45 -> 0 | D45: Doce do Dia verificar cardápio
C46: =$A$46*$B$46 -> 0
C47: =$A$47*$B$47 -> 0
A49: Total: | C49: =SUM(C43:C47) -> 0
A51: Refeitório Funcionarios
A52: PAX | C52: 200 | D52: PADARIA
A53: unidades | D53: PÃES SALGADOS
A54: =$C$52*0.9 -> 180 | B54: =IFERROR(VLOOKUP(D54,PREÇOS!$B$2:$C$32,2,FALSE),0) -> 0.65 | C54: =$A$54*$B$54 -> 117 | D54: Pão Francês 50g
A55: =$C$52*0.6 -> 120 | B55: =IFERROR(VLOOKUP(D55,PREÇOS!$B$2:$C$32,2,FALSE),0) -> 0.8 | C55: =$A$55*$B55 -> 96 | D55: Pão de leite 50g
A58: Total: | C58: =SUM(C54:C57) -> 213

Sheet DIA 25
A1: HOTEL NANNAI MURO ALTO
A2: PADARIA / CONFEITARIA
A4: PRODUÇÃO | B4: Dia: 25/06/2026
A5: RESTAURANTE NANNAI
A6: PAX | C6: 169 | D6: PADARIA | F6: ATENÇÃO ALTERAR SOMENTE EM VERMELHO, ALTERAR SOMENTE O NUMERO DE PESSOAS PAX
A8: unidades | B8: VALOR | C8: TOTAL | D8: PÃES SALGADOS
A9: =$C$6*0.9 -> 152.1 | B9: =IFERROR(VLOOKUP(D9,PREÇOS!$B$2:$C$32,2,FALSE),0) -> 0.4 | C9: =$A$9*$B$9 -> 60.84 | D9: Mini Pão Francês
A10: =$C$6*0.2 -> 33.8 | B10: =IFERROR(VLOOKUP(D10,PREÇOS!$B$2:$C$32,2,FALSE),0) -> 0.6 | C10: =$A$10*$B$10 -> 20.28 | D10: Mini Pão Integral
A11: =$C$6*0.2 -> 33.8 | B11: =IFERROR(VLOOKUP(D11,PREÇOS!$B$2:$C$32,2,FALSE),0) -> 0.8 | C11: =$A$11*$B$11 -> 27.04 | D11: Mini Australiano
A12: =$C$6*0.2 -> 33.8 | B12: =IFERROR(VLOOKUP(D12,PREÇOS!$B$2:$C$32,2,FALSE),0) -> 0.45 | C12: =$A$12*$B$12 -> 15.21 | D12: Mini Pão Gergilim
A13: =$C$6*0.2 -> 33.8 | B13: =IFERROR(VLOOKUP(D13,PREÇOS!$B$2:$C$32,2,FALSE),0) -> 0 | C13: =$A$13*$B$13 -> 0 | D13: Mini Pão de Milho ou
A14: =$C$6*0.1 -> 16.9 | B14: =IFERROR(VLOOKUP(D14,PREÇOS!$B$2:$C$32,2,FALSE),0) -> 0 | C14: =$A$14*$B$14 -> 0 | D14: Mini Baguete Rustica
A15: =$C$6*0.2 -> 33.8 | B15: =IFERROR(VLOOKUP(D15,PREÇOS!$B$2:$C$32,2,FALSE),0) -> 0.8 | C15: =$A$15*$B$15 -> 27.04 | D15: Mini Pão Calabresa
A16: =$C$6*0.2 -> 33.8 | B16: =IFERROR(VLOOKUP(D16,PREÇOS!$B$2:$C$32,2,FALSE),0) -> 0.7 | C16: =$A$16*$B$16 -> 23.66 | D16: Mini Pão Delicia recheado
A17: =$C$6*0.01 -> 1.69 | B17: =IFERROR(VLOOKUP(D17,PREÇOS!$B$2:$C$32,2,FALSE),0) -> 1.55 | C17: =$A$17*$B$17 -> 2.6195 | D17: Focaccia recheada
A18: =$C$6*0.3 -> 50.7 | B18: =IFERROR(VLOOKUP(D18,PREÇOS!$B$2:$C$32,2,FALSE),0) -> 0.4 | C18: =$A$18*$B$18 -> 20.28 | D18: Mini Tiger
A19: =$C$6*0.2 -> 33.8 | B19: =IFERROR(VLOOKUP(D19,PREÇOS!$B$2:$C$32,2,FALSE),0) -> 0.8 | C19: =$A$19*$B$19 -> 27.04 | D19: Mini Pão de Frios
A20: =$C$6*0.004 -> 0.676 | B20: =IFERROR(VLOOKUP(D20,PREÇOS!$B$2:$C$32,2,FALSE),0) -> 3 | C20: =$A$20*$B$20 -> 2.028 | D20: Pão de Forma integral
A21: =$C$6*0.009 -> 1.521 | B21: =IFERROR(VLOOKUP(D21,PREÇOS!$B$2:$C$32,2,FALSE),0) -> 2.8 | C21: =$A$21*$B$21 -> 4.2588 | D21: Pão de forma Tradicional
A22: =$C$6*0.004 -> 0.676 | B22: =IFERROR(VLOOKUP(D22,PREÇOS!$B$2:$C$32,2,FALSE),0) -> 3 | C22: =$A$22*$B$22 -> 2.028 | D22: Pão de Forma Maritoso
A23: =$C$6*0.04 -> 6.76 | B23: =IFERROR(VLOOKUP(D23,PREÇOS!$B$2:$C$32,2,FALSE),0) -> 2.6 | C23: =$A$23*$B$23 -> 17.576 | D23: Baguete Francesa 300g
A24: =$C$6*0.04 -> 6.76 | B24: =IFERROR(VLOOKUP(D24,PREÇOS!$B$2:$C$32,2,FALSE),0) -> 3.8 | C24: =$A$24*$B$24 -> 25.688 | D24: Pães de Decoração Rustico
D25: PÃES DOCES
A26: =$C$6*0.2 -> 33.8 | B26: =IFERROR(VLOOKUP(D26,PREÇOS!$B$2:$C$32,2,FALSE),0) -> 0.6 | C26: =$A$26*$B$26 -> 20.28 | D26: Mini Brioche ou Pão de Açucar
A27: =$C$6*0.2 -> 33.8 | B27: =IFERROR(VLOOKUP(D27,PREÇOS!$B$2:$C$32,2,FALSE),0) -> 0.5 | C27: =$A$27*$B$27 -> 16.9 | D27: Mini Bisnaguinha
A28: =$C$6*0.1 -> 16.9 | B28: =IFERROR(VLOOKUP(D28,PREÇOS!$B$2:$C$32,2,FALSE),0) -> 0.75 | C28: =$A$28*$B$28 -> 12.675 | D28: Mini Pão de coco
A29: =$C$6*0.1 -> 16.9 | B29: =IFERROR(VLOOKUP(D29,PREÇOS!$B$2:$C$32,2,FALSE),0) -> 0.6 | C29: =$A$29*$B$29 -> 10.14 | D29: Mini Pão doce
A30: =$C$6*0.2 -> 33.8 | B30: =IFERROR(VLOOKUP(D30,PREÇOS!$B$2:$C$32,2,FALSE),0) -> 0.8 | C30: =$A$30*$B$30 -> 27.04 | D30: Mini Donuts
A31: =$C$6*0.2 -> 33.8 | B31: =IFERROR(VLOOKUP(D31,PREÇOS!$B$2:$C$32,2,FALSE),0) -> 0.8 | C31: =$A$31*$B$31 -> 27.04 | D31: Mini Sonho
A32: =$C$6*0.2 -> 33.8 | B32: =IFERROR(VLOOKUP(D32,PREÇOS!$B$2:$C$32,2,FALSE),0) -> 0.85 | C32: =$A$32*$B$32 -> 28.73 | D32: Mini cookies
D33: FOLHADOS
A34: =$C$6*0.7 -> 118.3 | B34: =IFERROR(VLOOKUP(D34,PREÇOS!$B$2:$C$32,2,FALSE),0) -> 1.6 | C34: =$A$34*$B$34 -> 189.28 | D34: Mini Croissant
A35: =$C$6*0.5 -> 84.5 | B35: =IFERROR(VLOOKUP(D35,PREÇOS!$B$2:$C$32,2,FALSE),0) -> 1.8 | C35: =$A$35*$B$35 -> 152.1 | D35: Mini Pão de Chocolate
A36: =$C$6*0.5 -> 84.5 | B36: =IFERROR(VLOOKUP(D36,PREÇOS!$B$2:$C$32,2,FALSE),0) -> 0.95 | C36: =$A$36*$B$36 -> 80.275 | D36: Mini Folhado Salgado
A38: Total: | C38: =SUM(C9:C37) -> 840.0483
A40: Produtos Volantes
A41: PAX | C41: 168 | D41: PADARIA
A42: unidades | D42: Pães salgados e doces
A43: =$C$41*0.7 -> 117.6 | B43: =IFERROR(VLOOKUP(D43,PREÇOS!$B$2:$C$32,2,FALSE),0) -> 0.63 | C43: =$A$43*$B$43 -> 74.088 | D43: Pão de queijo
A44: =$C$41*0.3 -> 50.4 | B44: =IFERROR(VLOOKUP(D44,PREÇOS!$B$2:$C$32,2,FALSE),0) -> 0.95 | C44: =$A$44*$B$44 -> 47.88 | D44: Folhado Salgado
A45: =$C$41*0.6 -> 100.8 | B45: =IFERROR(VLOOKUP(D45,PREÇOS!$B$2:$C$32,2,FALSE),0) -> 0.95 | C45: =$A$45*$B$45 -> 95.76 | D45: Doce do Dia verificar cardápio
C46: =$A$46*$B$46 -> 0
C47: =$A$47*$B$47 -> 0
A49: Total: | C49: =SUM(C43:C47) -> 217.728
A51: Refeitório Funcionarios
A52: PAX | C52: 200 | D52: PADARIA
A53: unidades | D53: PÃES SALGADOS
A54: =$C$52*0.9 -> 180 | B54: =IFERROR(VLOOKUP(D54,PREÇOS!$B$2:$C$32,2,FALSE),0) -> 0.65 | C54: =$A$54*$B$54 -> 117 | D54: Pão Francês 50g
A55: =$C$52*0.6 -> 120 | B55: =IFERROR(VLOOKUP(D55,PREÇOS!$B$2:$C$32,2,FALSE),0) -> 0.8 | C55: =$A$55*$B55 -> 96 | D55: Pão de leite 50g
A58: Total: | C58: =SUM(C54:C57) -> 213

Sheet DIA 26
A1: HOTEL NANNAI MURO ALTO
A2: PADARIA / CONFEITARIA
A4: PRODUÇÃO | B4: Dia: 26/06/2026
A5: RESTAURANTE NANNAI
A6: PAX | C6: 182 | D6: PADARIA | F6: ATENÇÃO ALTERAR SOMENTE EM VERMELHO, ALTERAR SOMENTE O NUMERO DE PESSOAS PAX
A8: unidades | B8: VALOR | C8: TOTAL | D8: PÃES SALGADOS
A9: =$C$6*0.9 -> 163.8 | B9: =IFERROR(VLOOKUP(D9,PREÇOS!$B$2:$C$32,2,FALSE),0) -> 0.4 | C9: =$A$9*$B$9 -> 65.52 | D9: Mini Pão Francês
A10: =$C$6*0.2 -> 36.4 | B10: =IFERROR(VLOOKUP(D10,PREÇOS!$B$2:$C$32,2,FALSE),0) -> 0.6 | C10: =$A$10*$B$10 -> 21.84 | D10: Mini Pão Integral
A11: =$C$6*0.2 -> 36.4 | B11: =IFERROR(VLOOKUP(D11,PREÇOS!$B$2:$C$32,2,FALSE),0) -> 0.8 | C11: =$A$11*$B$11 -> 29.12 | D11: Mini Australiano
A12: =$C$6*0.2 -> 36.4 | B12: =IFERROR(VLOOKUP(D12,PREÇOS!$B$2:$C$32,2,FALSE),0) -> 0.45 | C12: =$A$12*$B$12 -> 16.38 | D12: Mini Pão Gergilim
A13: =$C$6*0.2 -> 36.4 | B13: =IFERROR(VLOOKUP(D13,PREÇOS!$B$2:$C$32,2,FALSE),0) -> 0 | C13: =$A$13*$B$13 -> 0 | D13: Mini Pão de Milho ou
A14: =$C$6*0.1 -> 18.2 | B14: =IFERROR(VLOOKUP(D14,PREÇOS!$B$2:$C$32,2,FALSE),0) -> 0 | C14: =$A$14*$B$14 -> 0 | D14: Mini Baguete Rustica
A15: =$C$6*0.2 -> 36.4 | B15: =IFERROR(VLOOKUP(D15,PREÇOS!$B$2:$C$32,2,FALSE),0) -> 0.8 | C15: =$A$15*$B$15 -> 29.12 | D15: Mini Pão Calabresa
A16: =$C$6*0.2 -> 36.4 | B16: =IFERROR(VLOOKUP(D16,PREÇOS!$B$2:$C$32,2,FALSE),0) -> 0.7 | C16: =$A$16*$B$16 -> 25.48 | D16: Mini Pão Delicia recheado
A17: =$C$6*0.01 -> 1.82 | B17: =IFERROR(VLOOKUP(D17,PREÇOS!$B$2:$C$32,2,FALSE),0) -> 1.55 | C17: =$A$17*$B$17 -> 2.821 | D17: Focaccia recheada
A18: =$C$6*0.3 -> 54.6 | B18: =IFERROR(VLOOKUP(D18,PREÇOS!$B$2:$C$32,2,FALSE),0) -> 0.4 | C18: =$A$18*$B$18 -> 21.84 | D18: Mini Tiger
A19: =$C$6*0.2 -> 36.4 | B19: =IFERROR(VLOOKUP(D19,PREÇOS!$B$2:$C$32,2,FALSE),0) -> 0.8 | C19: =$A$19*$B$19 -> 29.12 | D19: Mini Pão de Frios
A20: =$C$6*0.004 -> 0.728 | B20: =IFERROR(VLOOKUP(D20,PREÇOS!$B$2:$C$32,2,FALSE),0) -> 3 | C20: =$A$20*$B$20 -> 2.184 | D20: Pão de Forma integral
A21: =$C$6*0.009 -> 1.638 | B21: =IFERROR(VLOOKUP(D21,PREÇOS!$B$2:$C$32,2,FALSE),0) -> 2.8 | C21: =$A$21*$B$21 -> 4.5864 | D21: Pão de forma Tradicional
A22: =$C$6*0.004 -> 0.728 | B22: =IFERROR(VLOOKUP(D22,PREÇOS!$B$2:$C$32,2,FALSE),0) -> 3 | C22: =$A$22*$B$22 -> 2.184 | D22: Pão de Forma Maritoso
A23: =$C$6*0.04 -> 7.28 | B23: =IFERROR(VLOOKUP(D23,PREÇOS!$B$2:$C$32,2,FALSE),0) -> 2.6 | C23: =$A$23*$B$23 -> 18.928 | D23: Baguete Francesa 300g
A24: =$C$6*0.04 -> 7.28 | B24: =IFERROR(VLOOKUP(D24,PREÇOS!$B$2:$C$32,2,FALSE),0) -> 3.8 | C24: =$A$24*$B$24 -> 27.664 | D24: Pães de Decoração Rustico
D25: PÃES DOCES
A26: =$C$6*0.2 -> 36.4 | B26: =IFERROR(VLOOKUP(D26,PREÇOS!$B$2:$C$32,2,FALSE),0) -> 0.6 | C26: =$A$26*$B$26 -> 21.84 | D26: Mini Brioche ou Pão de Açucar
A27: =$C$6*0.2 -> 36.4 | B27: =IFERROR(VLOOKUP(D27,PREÇOS!$B$2:$C$32,2,FALSE),0) -> 0.5 | C27: =$A$27*$B$27 -> 18.2 | D27: Mini Bisnaguinha
A28: =$C$6*0.1 -> 18.2 | B28: =IFERROR(VLOOKUP(D28,PREÇOS!$B$2:$C$32,2,FALSE),0) -> 0.75 | C28: =$A$28*$B$28 -> 13.65 | D28: Mini Pão de coco
A29: =$C$6*0.1 -> 18.2 | B29: =IFERROR(VLOOKUP(D29,PREÇOS!$B$2:$C$32,2,FALSE),0) -> 0.6 | C29: =$A$29*$B$29 -> 10.92 | D29: Mini Pão doce
A30: =$C$6*0.2 -> 36.4 | B30: =IFERROR(VLOOKUP(D30,PREÇOS!$B$2:$C$32,2,FALSE),0) -> 0.8 | C30: =$A$30*$B$30 -> 29.12 | D30: Mini Donuts
A31: =$C$6*0.2 -> 36.4 | B31: =IFERROR(VLOOKUP(D31,PREÇOS!$B$2:$C$32,2,FALSE),0) -> 0.8 | C31: =$A$31*$B$31 -> 29.12 | D31: Mini Sonho
A32: =$C$6*0.2 -> 36.4 | B32: =IFERROR(VLOOKUP(D32,PREÇOS!$B$2:$C$32,2,FALSE),0) -> 0.85 | C32: =$A$32*$B$32 -> 30.94 | D32: Mini cookies
D33: FOLHADOS
A34: =$C$6*0.7 -> 127.4 | B34: =IFERROR(VLOOKUP(D34,PREÇOS!$B$2:$C$32,2,FALSE),0) -> 1.6 | C34: =$A$34*$B$34 -> 203.84 | D34: Mini Croissant
A35: =$C$6*0.5 -> 91 | B35: =IFERROR(VLOOKUP(D35,PREÇOS!$B$2:$C$32,2,FALSE),0) -> 1.8 | C35: =$A$35*$B$35 -> 163.8 | D35: Mini Pão de Chocolate
A36: =$C$6*0.5 -> 91 | B36: =IFERROR(VLOOKUP(D36,PREÇOS!$B$2:$C$32,2,FALSE),0) -> 0.95 | C36: =$A$36*$B$36 -> 86.45 | D36: Mini Folhado Salgado
A38: Total: | C38: =SUM(C9:C37) -> 904.6674
A40: Produtos Volantes
A41: PAX | C41: 182 | D41: PADARIA
A42: unidades | D42: Pães salgados e doces
A43: =$C$41*0.7 -> 127.4 | B43: =IFERROR(VLOOKUP(D43,PREÇOS!$B$2:$C$32,2,FALSE),0) -> 0.63 | C43: =$A$43*$B$43 -> 80.262 | D43: Pão de queijo
A44: =$C$41*0.3 -> 54.6 | B44: =IFERROR(VLOOKUP(D44,PREÇOS!$B$2:$C$32,2,FALSE),0) -> 0.95 | C44: =$A$44*$B$44 -> 51.87 | D44: Folhado Salgado
A45: =$C$41*0.6 -> 109.2 | B45: =IFERROR(VLOOKUP(D45,PREÇOS!$B$2:$C$32,2,FALSE),0) -> 0.95 | C45: =$A$45*$B$45 -> 103.74 | D45: Doce do Dia verificar cardápio
C46: =$A$46*$B$46 -> 0
C47: =$A$47*$B$47 -> 0
A49: Total: | C49: =SUM(C43:C47) -> 235.872
A51: Refeitório Funcionarios
A52: PAX | C52: 200 | D52: PADARIA
A53: unidades | D53: PÃES SALGADOS
A54: =$C$52*0.9 -> 180 | B54: =IFERROR(VLOOKUP(D54,PREÇOS!$B$2:$C$32,2,FALSE),0) -> 0.65 | C54: =$A$54*$B$54 -> 117 | D54: Pão Francês 50g
A55: =$C$52*0.6 -> 120 | B55: =IFERROR(VLOOKUP(D55,PREÇOS!$B$2:$C$32,2,FALSE),0) -> 0.8 | C55: =$A$55*$B55 -> 96 | D55: Pão de leite 50g
A58: Total: | C58: =SUM(C54:C57) -> 213

Sheet DIA 27
A1: HOTEL NANNAI MURO ALTO
A2: PADARIA / CONFEITARIA
A4: PRODUÇÃO | B4: Dia: 27/06/2026
A5: RESTAURANTE NANNAI
A6: PAX | C6: 161 | D6: PADARIA | F6: ATENÇÃO ALTERAR SOMENTE EM VERMELHO, ALTERAR SOMENTE O NUMERO DE PESSOAS PAX
A8: unidades | B8: VALOR | C8: TOTAL | D8: PÃES SALGADOS
A9: =$C$6*0.9 -> 144.9 | B9: =IFERROR(VLOOKUP(D9,PREÇOS!$B$2:$C$32,2,FALSE),0) -> 0.4 | C9: =$A$9*$B$9 -> 57.96 | D9: Mini Pão Francês
A10: =$C$6*0.2 -> 32.2 | B10: =IFERROR(VLOOKUP(D10,PREÇOS!$B$2:$C$32,2,FALSE),0) -> 0.6 | C10: =$A$10*$B$10 -> 19.32 | D10: Mini Pão Integral
A11: =$C$6*0.2 -> 32.2 | B11: =IFERROR(VLOOKUP(D11,PREÇOS!$B$2:$C$32,2,FALSE),0) -> 0.8 | C11: =$A$11*$B$11 -> 25.76 | D11: Mini Australiano
A12: =$C$6*0.2 -> 32.2 | B12: =IFERROR(VLOOKUP(D12,PREÇOS!$B$2:$C$32,2,FALSE),0) -> 0.45 | C12: =$A$12*$B$12 -> 14.49 | D12: Mini Pão Gergilim
A13: =$C$6*0.2 -> 32.2 | B13: =IFERROR(VLOOKUP(D13,PREÇOS!$B$2:$C$32,2,FALSE),0) -> 0 | C13: =$A$13*$B$13 -> 0 | D13: Mini Pão de Milho ou
A14: =$C$6*0.1 -> 16.1 | B14: =IFERROR(VLOOKUP(D14,PREÇOS!$B$2:$C$32,2,FALSE),0) -> 0 | C14: =$A$14*$B$14 -> 0 | D14: Mini Baguete Rustica
A15: =$C$6*0.2 -> 32.2 | B15: =IFERROR(VLOOKUP(D15,PREÇOS!$B$2:$C$32,2,FALSE),0) -> 0.8 | C15: =$A$15*$B$15 -> 25.76 | D15: Mini Pão Calabresa
A16: =$C$6*0.2 -> 32.2 | B16: =IFERROR(VLOOKUP(D16,PREÇOS!$B$2:$C$32,2,FALSE),0) -> 0.7 | C16: =$A$16*$B$16 -> 22.54 | D16: Mini Pão Delicia recheado
A17: =$C$6*0.01 -> 1.61 | B17: =IFERROR(VLOOKUP(D17,PREÇOS!$B$2:$C$32,2,FALSE),0) -> 1.55 | C17: =$A$17*$B$17 -> 2.4955 | D17: Focaccia recheada
A18: =$C$6*0.3 -> 48.3 | B18: =IFERROR(VLOOKUP(D18,PREÇOS!$B$2:$C$32,2,FALSE),0) -> 0.4 | C18: =$A$18*$B$18 -> 19.32 | D18: Mini Tiger
A19: =$C$6*0.2 -> 32.2 | B19: =IFERROR(VLOOKUP(D19,PREÇOS!$B$2:$C$32,2,FALSE),0) -> 0.8 | C19: =$A$19*$B$19 -> 25.76 | D19: Mini Pão de Frios
A20: =$C$6*0.004 -> 0.644 | B20: =IFERROR(VLOOKUP(D20,PREÇOS!$B$2:$C$32,2,FALSE),0) -> 3 | C20: =$A$20*$B$20 -> 1.932 | D20: Pão de Forma integral
A21: =$C$6*0.009 -> 1.449 | B21: =IFERROR(VLOOKUP(D21,PREÇOS!$B$2:$C$32,2,FALSE),0) -> 2.8 | C21: =$A$21*$B$21 -> 4.0572 | D21: Pão de forma Tradicional
A22: =$C$6*0.004 -> 0.644 | B22: =IFERROR(VLOOKUP(D22,PREÇOS!$B$2:$C$32,2,FALSE),0) -> 3 | C22: =$A$22*$B$22 -> 1.932 | D22: Pão de Forma Maritoso
A23: =$C$6*0.04 -> 6.44 | B23: =IFERROR(VLOOKUP(D23,PREÇOS!$B$2:$C$32,2,FALSE),0) -> 2.6 | C23: =$A$23*$B$23 -> 16.744 | D23: Baguete Francesa 300g
A24: =$C$6*0.04 -> 6.44 | B24: =IFERROR(VLOOKUP(D24,PREÇOS!$B$2:$C$32,2,FALSE),0) -> 3.8 | C24: =$A$24*$B$24 -> 24.472 | D24: Pães de Decoração Rustico
D25: PÃES DOCES
A26: =$C$6*0.2 -> 32.2 | B26: =IFERROR(VLOOKUP(D26,PREÇOS!$B$2:$C$32,2,FALSE),0) -> 0.6 | C26: =$A$26*$B$26 -> 19.32 | D26: Mini Brioche ou Pão de Açucar
A27: =$C$6*0.2 -> 32.2 | B27: =IFERROR(VLOOKUP(D27,PREÇOS!$B$2:$C$32,2,FALSE),0) -> 0.5 | C27: =$A$27*$B$27 -> 16.1 | D27: Mini Bisnaguinha
A28: =$C$6*0.1 -> 16.1 | B28: =IFERROR(VLOOKUP(D28,PREÇOS!$B$2:$C$32,2,FALSE),0) -> 0.75 | C28: =$A$28*$B$28 -> 12.075 | D28: Mini Pão de coco
A29: =$C$6*0.1 -> 16.1 | B29: =IFERROR(VLOOKUP(D29,PREÇOS!$B$2:$C$32,2,FALSE),0) -> 0.6 | C29: =$A$29*$B$29 -> 9.66 | D29: Mini Pão doce
A30: =$C$6*0.2 -> 32.2 | B30: =IFERROR(VLOOKUP(D30,PREÇOS!$B$2:$C$32,2,FALSE),0) -> 0.8 | C30: =$A$30*$B$30 -> 25.76 | D30: Mini Donuts
A31: =$C$6*0.2 -> 32.2 | B31: =IFERROR(VLOOKUP(D31,PREÇOS!$B$2:$C$32,2,FALSE),0) -> 0.8 | C31: =$A$31*$B$31 -> 25.76 | D31: Mini Sonho
A32: =$C$6*0.2 -> 32.2 | B32: =IFERROR(VLOOKUP(D32,PREÇOS!$B$2:$C$32,2,FALSE),0) -> 0.85 | C32: =$A$32*$B$32 -> 27.37 | D32: Mini cookies
D33: FOLHADOS
A34: =$C$6*0.7 -> 112.7 | B34: =IFERROR(VLOOKUP(D34,PREÇOS!$B$2:$C$32,2,FALSE),0) -> 1.6 | C34: =$A$34*$B$34 -> 180.32 | D34: Mini Croissant
A35: =$C$6*0.5 -> 80.5 | B35: =IFERROR(VLOOKUP(D35,PREÇOS!$B$2:$C$32,2,FALSE),0) -> 1.8 | C35: =$A$35*$B$35 -> 144.9 | D35: Mini Pão de Chocolate
A36: =$C$6*0.5 -> 80.5 | B36: =IFERROR(VLOOKUP(D36,PREÇOS!$B$2:$C$32,2,FALSE),0) -> 0.95 | C36: =$A$36*$B$36 -> 76.475 | D36: Mini Folhado Salgado
A38: Total: | C38: =SUM(C9:C37) -> 800.2827
A40: Produtos Volantes
A41: PAX | C41: 161 | D41: PADARIA
A42: unidades | D42: Pães salgados e doces
A43: =$C$41*0.7 -> 112.7 | B43: =IFERROR(VLOOKUP(D43,PREÇOS!$B$2:$C$32,2,FALSE),0) -> 0.63 | C43: =$A$43*$B$43 -> 71.001 | D43: Pão de queijo
A44: =$C$41*0.3 -> 48.3 | B44: =IFERROR(VLOOKUP(D44,PREÇOS!$B$2:$C$32,2,FALSE),0) -> 0.95 | C44: =$A$44*$B$44 -> 45.885 | D44: Folhado Salgado
A45: =$C$41*0.6 -> 96.6 | B45: =IFERROR(VLOOKUP(D45,PREÇOS!$B$2:$C$32,2,FALSE),0) -> 0.95 | C45: =$A$45*$B$45 -> 91.77 | D45: Doce do Dia verificar cardápio
C46: =$A$46*$B$46 -> 0
C47: =$A$47*$B$47 -> 0
A49: Total: | C49: =SUM(C43:C47) -> 208.656
A51: Refeitório Funcionarios
A52: PAX | C52: 200 | D52: PADARIA
A53: unidades | D53: PÃES SALGADOS
A54: =$C$52*0.9 -> 180 | B54: =IFERROR(VLOOKUP(D54,PREÇOS!$B$2:$C$32,2,FALSE),0) -> 0.65 | C54: =$A$54*$B$54 -> 117 | D54: Pão Francês 50g
A55: =$C$52*0.6 -> 120 | B55: =IFERROR(VLOOKUP(D55,PREÇOS!$B$2:$C$32,2,FALSE),0) -> 0.8 | C55: =$A$55*$B55 -> 96 | D55: Pão de leite 50g
A58: Total: | C58: =SUM(C54:C57) -> 213

Sheet DIA 28
A1: HOTEL NANNAI MURO ALTO
A2: PADARIA / CONFEITARIA
A4: PRODUÇÃO | B4: Dia: 28/06/2026
A5: RESTAURANTE NANNAI
A6: PAX | C6: 187 | D6: PADARIA | F6: ATENÇÃO ALTERAR SOMENTE EM VERMELHO, ALTERAR SOMENTE O NUMERO DE PESSOAS PAX
A8: unidades | B8: VALOR | C8: TOTAL | D8: PÃES SALGADOS
A9: =$C$6*0.9 -> 168.3 | B9: =IFERROR(VLOOKUP(D9,PREÇOS!$B$2:$C$32,2,FALSE),0) -> 0.4 | C9: =$A$9*$B$9 -> 67.32 | D9: Mini Pão Francês
A10: =$C$6*0.2 -> 37.4 | B10: =IFERROR(VLOOKUP(D10,PREÇOS!$B$2:$C$32,2,FALSE),0) -> 0.6 | C10: =$A$10*$B$10 -> 22.44 | D10: Mini Pão Integral
A11: =$C$6*0.2 -> 37.4 | B11: =IFERROR(VLOOKUP(D11,PREÇOS!$B$2:$C$32,2,FALSE),0) -> 0.8 | C11: =$A$11*$B$11 -> 29.92 | D11: Mini Australiano
A12: =$C$6*0.2 -> 37.4 | B12: =IFERROR(VLOOKUP(D12,PREÇOS!$B$2:$C$32,2,FALSE),0) -> 0.45 | C12: =$A$12*$B$12 -> 16.83 | D12: Mini Pão Gergilim
A13: =$C$6*0.2 -> 37.4 | B13: =IFERROR(VLOOKUP(D13,PREÇOS!$B$2:$C$32,2,FALSE),0) -> 0 | C13: =$A$13*$B$13 -> 0 | D13: Mini Pão de Milho ou
A14: =$C$6*0.1 -> 18.7 | B14: =IFERROR(VLOOKUP(D14,PREÇOS!$B$2:$C$32,2,FALSE),0) -> 0 | C14: =$A$14*$B$14 -> 0 | D14: Mini Baguete Rustica
A15: =$C$6*0.2 -> 37.4 | B15: =IFERROR(VLOOKUP(D15,PREÇOS!$B$2:$C$32,2,FALSE),0) -> 0.8 | C15: =$A$15*$B$15 -> 29.92 | D15: Mini Pão Calabresa
A16: =$C$6*0.2 -> 37.4 | B16: =IFERROR(VLOOKUP(D16,PREÇOS!$B$2:$C$32,2,FALSE),0) -> 0.7 | C16: =$A$16*$B$16 -> 26.18 | D16: Mini Pão Delicia recheado
A17: =$C$6*0.01 -> 1.87 | B17: =IFERROR(VLOOKUP(D17,PREÇOS!$B$2:$C$32,2,FALSE),0) -> 1.55 | C17: =$A$17*$B$17 -> 2.8985 | D17: Focaccia recheada
A18: =$C$6*0.3 -> 56.1 | B18: =IFERROR(VLOOKUP(D18,PREÇOS!$B$2:$C$32,2,FALSE),0) -> 0.4 | C18: =$A$18*$B$18 -> 22.44 | D18: Mini Tiger
A19: =$C$6*0.2 -> 37.4 | B19: =IFERROR(VLOOKUP(D19,PREÇOS!$B$2:$C$32,2,FALSE),0) -> 0.8 | C19: =$A$19*$B$19 -> 29.92 | D19: Mini Pão de Frios
A20: =$C$6*0.004 -> 0.748 | B20: =IFERROR(VLOOKUP(D20,PREÇOS!$B$2:$C$32,2,FALSE),0) -> 3 | C20: =$A$20*$B$20 -> 2.244 | D20: Pão de Forma integral
A21: =$C$6*0.009 -> 1.683 | B21: =IFERROR(VLOOKUP(D21,PREÇOS!$B$2:$C$32,2,FALSE),0) -> 2.8 | C21: =$A$21*$B$21 -> 4.7124 | D21: Pão de forma Tradicional
A22: =$C$6*0.004 -> 0.748 | B22: =IFERROR(VLOOKUP(D22,PREÇOS!$B$2:$C$32,2,FALSE),0) -> 3 | C22: =$A$22*$B$22 -> 2.244 | D22: Pão de Forma Maritoso
A23: =$C$6*0.04 -> 7.48 | B23: =IFERROR(VLOOKUP(D23,PREÇOS!$B$2:$C$32,2,FALSE),0) -> 2.6 | C23: =$A$23*$B$23 -> 19.448 | D23: Baguete Francesa 300g
A24: =$C$6*0.04 -> 7.48 | B24: =IFERROR(VLOOKUP(D24,PREÇOS!$B$2:$C$32,2,FALSE),0) -> 3.8 | C24: =$A$24*$B$24 -> 28.424 | D24: Pães de Decoração Rustico
D25: PÃES DOCES
A26: =$C$6*0.2 -> 37.4 | B26: =IFERROR(VLOOKUP(D26,PREÇOS!$B$2:$C$32,2,FALSE),0) -> 0.6 | C26: =$A$26*$B$26 -> 22.44 | D26: Mini Brioche ou Pão de Açucar
A27: =$C$6*0.2 -> 37.4 | B27: =IFERROR(VLOOKUP(D27,PREÇOS!$B$2:$C$32,2,FALSE),0) -> 0.5 | C27: =$A$27*$B$27 -> 18.7 | D27: Mini Bisnaguinha
A28: =$C$6*0.1 -> 18.7 | B28: =IFERROR(VLOOKUP(D28,PREÇOS!$B$2:$C$32,2,FALSE),0) -> 0.75 | C28: =$A$28*$B$28 -> 14.025 | D28: Mini Pão de coco
A29: =$C$6*0.1 -> 18.7 | B29: =IFERROR(VLOOKUP(D29,PREÇOS!$B$2:$C$32,2,FALSE),0) -> 0.6 | C29: =$A$29*$B$29 -> 11.22 | D29: Mini Pão doce
A30: =$C$6*0.2 -> 37.4 | B30: =IFERROR(VLOOKUP(D30,PREÇOS!$B$2:$C$32,2,FALSE),0) -> 0.8 | C30: =$A$30*$B$30 -> 29.92 | D30: Mini Donuts
A31: =$C$6*0.2 -> 37.4 | B31: =IFERROR(VLOOKUP(D31,PREÇOS!$B$2:$C$32,2,FALSE),0) -> 0.8 | C31: =$A$31*$B$31 -> 29.92 | D31: Mini Sonho
A32: =$C$6*0.2 -> 37.4 | B32: =IFERROR(VLOOKUP(D32,PREÇOS!$B$2:$C$32,2,FALSE),0) -> 0.85 | C32: =$A$32*$B$32 -> 31.79 | D32: Mini cookies
D33: FOLHADOS
A34: =$C$6*0.7 -> 130.9 | B34: =IFERROR(VLOOKUP(D34,PREÇOS!$B$2:$C$32,2,FALSE),0) -> 1.6 | C34: =$A$34*$B$34 -> 209.44 | D34: Mini Croissant
A35: =$C$6*0.5 -> 93.5 | B35: =IFERROR(VLOOKUP(D35,PREÇOS!$B$2:$C$32,2,FALSE),0) -> 1.8 | C35: =$A$35*$B$35 -> 168.3 | D35: Mini Pão de Chocolate
A36: =$C$6*0.5 -> 93.5 | B36: =IFERROR(VLOOKUP(D36,PREÇOS!$B$2:$C$32,2,FALSE),0) -> 0.95 | C36: =$A$36*$B$36 -> 88.825 | D36: Mini Folhado Salgado
A38: Total: | C38: =SUM(C9:C37) -> 929.5209
A40: Produtos Volantes
A41: PAX | C41: 187 | D41: PADARIA
A42: unidades | D42: Pães salgados e doces
A43: =$C$41*0.7 -> 130.9 | B43: =IFERROR(VLOOKUP(D43,PREÇOS!$B$2:$C$32,2,FALSE),0) -> 0.63 | C43: =$A$43*$B$43 -> 82.467 | D43: Pão de queijo
A44: =$C$41*0.3 -> 56.1 | B44: =IFERROR(VLOOKUP(D44,PREÇOS!$B$2:$C$32,2,FALSE),0) -> 0.95 | C44: =$A$44*$B$44 -> 53.295 | D44: Folhado Salgado
A45: =$C$41*0.6 -> 112.2 | B45: =IFERROR(VLOOKUP(D45,PREÇOS!$B$2:$C$32,2,FALSE),0) -> 0.95 | C45: =$A$45*$B$45 -> 106.59 | D45: Doce do Dia verificar cardápio
C46: =$A$46*$B$46 -> 0
C47: =$A$47*$B$47 -> 0
A49: Total: | C49: =SUM(C43:C47) -> 242.352
A51: Refeitório Funcionarios
A52: PAX | C52: 200 | D52: PADARIA
A53: unidades | D53: PÃES SALGADOS
A54: =$C$52*0.9 -> 180 | B54: =IFERROR(VLOOKUP(D54,PREÇOS!$B$2:$C$32,2,FALSE),0) -> 0.65 | C54: =$A$54*$B$54 -> 117 | D54: Pão Francês 50g
A55: =$C$52*0.6 -> 120 | B55: =IFERROR(VLOOKUP(D55,PREÇOS!$B$2:$C$32,2,FALSE),0) -> 0.8 | C55: =$A$55*$B55 -> 96 | D55: Pão de leite 50g
A58: Total: | C58: =SUM(C54:C57) -> 213

Sheet DIA 29
A1: HOTEL NANNAI MURO ALTO
A2: PADARIA / CONFEITARIA
A4: PRODUÇÃO | B4: Dia: 29/06/2026
A5: RESTAURANTE NANNAI
A6: PAX | C6: 171 | D6: PADARIA | F6: ATENÇÃO ALTERAR SOMENTE EM VERMELHO, ALTERAR SOMENTE O NUMERO DE PESSOAS PAX
A8: unidades | B8: VALOR | C8: TOTAL | D8: PÃES SALGADOS
A9: =$C$6*0.9 -> 153.9 | B9: =IFERROR(VLOOKUP(D9,PREÇOS!$B$2:$C$32,2,FALSE),0) -> 0.4 | C9: =$A$9*$B$9 -> 61.56 | D9: Mini Pão Francês
A10: =$C$6*0.2 -> 34.2 | B10: =IFERROR(VLOOKUP(D10,PREÇOS!$B$2:$C$32,2,FALSE),0) -> 0.6 | C10: =$A$10*$B$10 -> 20.52 | D10: Mini Pão Integral
A11: =$C$6*0.2 -> 34.2 | B11: =IFERROR(VLOOKUP(D11,PREÇOS!$B$2:$C$32,2,FALSE),0) -> 0.8 | C11: =$A$11*$B$11 -> 27.36 | D11: Mini Australiano
A12: =$C$6*0.2 -> 34.2 | B12: =IFERROR(VLOOKUP(D12,PREÇOS!$B$2:$C$32,2,FALSE),0) -> 0.45 | C12: =$A$12*$B$12 -> 15.39 | D12: Mini Pão Gergilim
A13: =$C$6*0.2 -> 34.2 | B13: =IFERROR(VLOOKUP(D13,PREÇOS!$B$2:$C$32,2,FALSE),0) -> 0 | C13: =$A$13*$B$13 -> 0 | D13: Mini Pão de Milho ou
A14: =$C$6*0.1 -> 17.1 | B14: =IFERROR(VLOOKUP(D14,PREÇOS!$B$2:$C$32,2,FALSE),0) -> 0 | C14: =$A$14*$B$14 -> 0 | D14: Mini Baguete Rustica
A15: =$C$6*0.2 -> 34.2 | B15: =IFERROR(VLOOKUP(D15,PREÇOS!$B$2:$C$32,2,FALSE),0) -> 0.8 | C15: =$A$15*$B$15 -> 27.36 | D15: Mini Pão Calabresa
A16: =$C$6*0.2 -> 34.2 | B16: =IFERROR(VLOOKUP(D16,PREÇOS!$B$2:$C$32,2,FALSE),0) -> 0.7 | C16: =$A$16*$B$16 -> 23.94 | D16: Mini Pão Delicia recheado
A17: =$C$6*0.01 -> 1.71 | B17: =IFERROR(VLOOKUP(D17,PREÇOS!$B$2:$C$32,2,FALSE),0) -> 1.55 | C17: =$A$17*$B$17 -> 2.6505 | D17: Focaccia recheada
A18: =$C$6*0.3 -> 51.3 | B18: =IFERROR(VLOOKUP(D18,PREÇOS!$B$2:$C$32,2,FALSE),0) -> 0.4 | C18: =$A$18*$B$18 -> 20.52 | D18: Mini Tiger
A19: =$C$6*0.2 -> 34.2 | B19: =IFERROR(VLOOKUP(D19,PREÇOS!$B$2:$C$32,2,FALSE),0) -> 0.8 | C19: =$A$19*$B$19 -> 27.36 | D19: Mini Pão de Frios
A20: =$C$6*0.004 -> 0.684 | B20: =IFERROR(VLOOKUP(D20,PREÇOS!$B$2:$C$32,2,FALSE),0) -> 3 | C20: =$A$20*$B$20 -> 2.052 | D20: Pão de Forma integral
A21: =$C$6*0.009 -> 1.539 | B21: =IFERROR(VLOOKUP(D21,PREÇOS!$B$2:$C$32,2,FALSE),0) -> 2.8 | C21: =$A$21*$B$21 -> 4.3092 | D21: Pão de forma Tradicional
A22: =$C$6*0.004 -> 0.684 | B22: =IFERROR(VLOOKUP(D22,PREÇOS!$B$2:$C$32,2,FALSE),0) -> 3 | C22: =$A$22*$B$22 -> 2.052 | D22: Pão de Forma Maritoso
A23: =$C$6*0.04 -> 6.84 | B23: =IFERROR(VLOOKUP(D23,PREÇOS!$B$2:$C$32,2,FALSE),0) -> 2.6 | C23: =$A$23*$B$23 -> 17.784 | D23: Baguete Francesa 300g
A24: =$C$6*0.04 -> 6.84 | B24: =IFERROR(VLOOKUP(D24,PREÇOS!$B$2:$C$32,2,FALSE),0) -> 3.8 | C24: =$A$24*$B$24 -> 25.992 | D24: Pães de Decoração Rustico
D25: PÃES DOCES
A26: =$C$6*0.2 -> 34.2 | B26: =IFERROR(VLOOKUP(D26,PREÇOS!$B$2:$C$32,2,FALSE),0) -> 0.6 | C26: =$A$26*$B$26 -> 20.52 | D26: Mini Brioche ou Pão de Açucar
A27: =$C$6*0.2 -> 34.2 | B27: =IFERROR(VLOOKUP(D27,PREÇOS!$B$2:$C$32,2,FALSE),0) -> 0.5 | C27: =$A$27*$B$27 -> 17.1 | D27: Mini Bisnaguinha
A28: =$C$6*0.1 -> 17.1 | B28: =IFERROR(VLOOKUP(D28,PREÇOS!$B$2:$C$32,2,FALSE),0) -> 0.75 | C28: =$A$28*$B$28 -> 12.825 | D28: Mini Pão de coco
A29: =$C$6*0.1 -> 17.1 | B29: =IFERROR(VLOOKUP(D29,PREÇOS!$B$2:$C$32,2,FALSE),0) -> 0.6 | C29: =$A$29*$B$29 -> 10.26 | D29: Mini Pão doce
A30: =$C$6*0.2 -> 34.2 | B30: =IFERROR(VLOOKUP(D30,PREÇOS!$B$2:$C$32,2,FALSE),0) -> 0.8 | C30: =$A$30*$B$30 -> 27.36 | D30: Mini Donuts
A31: =$C$6*0.2 -> 34.2 | B31: =IFERROR(VLOOKUP(D31,PREÇOS!$B$2:$C$32,2,FALSE),0) -> 0.8 | C31: =$A$31*$B$31 -> 27.36 | D31: Mini Sonho
A32: =$C$6*0.2 -> 34.2 | B32: =IFERROR(VLOOKUP(D32,PREÇOS!$B$2:$C$32,2,FALSE),0) -> 0.85 | C32: =$A$32*$B$32 -> 29.07 | D32: Mini cookies
D33: FOLHADOS
A34: =$C$6*0.7 -> 119.7 | B34: =IFERROR(VLOOKUP(D34,PREÇOS!$B$2:$C$32,2,FALSE),0) -> 1.6 | C34: =$A$34*$B$34 -> 191.52 | D34: Mini Croissant
A35: =$C$6*0.5 -> 85.5 | B35: =IFERROR(VLOOKUP(D35,PREÇOS!$B$2:$C$32,2,FALSE),0) -> 1.8 | C35: =$A$35*$B$35 -> 153.9 | D35: Mini Pão de Chocolate
A36: =$C$6*0.5 -> 85.5 | B36: =IFERROR(VLOOKUP(D36,PREÇOS!$B$2:$C$32,2,FALSE),0) -> 0.95 | C36: =$A$36*$B$36 -> 81.225 | D36: Mini Folhado Salgado
A38: Total: | C38: =SUM(C9:C37) -> 849.9897
A40: Produtos Volantes
A41: PAX | C41: 171 | D41: PADARIA
A42: unidades | D42: Pães salgados e doces
A43: =$C$41*0.7 -> 119.7 | B43: =IFERROR(VLOOKUP(D43,PREÇOS!$B$2:$C$32,2,FALSE),0) -> 0.63 | C43: =$A$43*$B$43 -> 75.411 | D43: Pão de queijo
A44: =$C$41*0.3 -> 51.3 | B44: =IFERROR(VLOOKUP(D44,PREÇOS!$B$2:$C$32,2,FALSE),0) -> 0.95 | C44: =$A$44*$B$44 -> 48.735 | D44: Folhado Salgado
A45: =$C$41*0.6 -> 102.6 | B45: =IFERROR(VLOOKUP(D45,PREÇOS!$B$2:$C$32,2,FALSE),0) -> 0.95 | C45: =$A$45*$B$45 -> 97.47 | D45: Doce do Dia verificar cardápio
C46: =$A$46*$B$46 -> 0
C47: =$A$47*$B$47 -> 0
A49: Total: | C49: =SUM(C43:C47) -> 221.616
A51: Refeitório Funcionarios
A52: PAX | C52: 200 | D52: PADARIA
A53: unidades | D53: PÃES SALGADOS
A54: =$C$52*0.9 -> 180 | B54: =IFERROR(VLOOKUP(D54,PREÇOS!$B$2:$C$32,2,FALSE),0) -> 0.65 | C54: =$A$54*$B$54 -> 117 | D54: Pão Francês 50g
A55: =$C$52*0.6 -> 120 | B55: =IFERROR(VLOOKUP(D55,PREÇOS!$B$2:$C$32,2,FALSE),0) -> 0.8 | C55: =$A$55*$B55 -> 96 | D55: Pão de leite 50g
A58: Total: | C58: =SUM(C54:C57) -> 213

Sheet DIA 30
A1: HOTEL NANNAI MURO ALTO
A2: PADARIA / CONFEITARIA
A4: PRODUÇÃO | B4: Dia: 30/06/2026
A5: RESTAURANTE NANNAI
A6: PAX | C6: 172 | D6: PADARIA | F6: ATENÇÃO ALTERAR SOMENTE EM VERMELHO, ALTERAR SOMENTE O NUMERO DE PESSOAS PAX
A8: unidades | B8: VALOR | C8: TOTAL | D8: PÃES SALGADOS
A9: =$C$6*0.9 -> 154.8 | B9: =IFERROR(VLOOKUP(D9,PREÇOS!$B$2:$C$32,2,FALSE),0) -> 0.4 | C9: =$A$9*$B$9 -> 61.92 | D9: Mini Pão Francês
A10: =$C$6*0.2 -> 34.4 | B10: =IFERROR(VLOOKUP(D10,PREÇOS!$B$2:$C$32,2,FALSE),0) -> 0.6 | C10: =$A$10*$B$10 -> 20.64 | D10: Mini Pão Integral
A11: =$C$6*0.2 -> 34.4 | B11: =IFERROR(VLOOKUP(D11,PREÇOS!$B$2:$C$32,2,FALSE),0) -> 0.8 | C11: =$A$11*$B$11 -> 27.52 | D11: Mini Australiano
A12: =$C$6*0.2 -> 34.4 | B12: =IFERROR(VLOOKUP(D12,PREÇOS!$B$2:$C$32,2,FALSE),0) -> 0.45 | C12: =$A$12*$B$12 -> 15.48 | D12: Mini Pão Gergilim
A13: =$C$6*0.2 -> 34.4 | B13: =IFERROR(VLOOKUP(D13,PREÇOS!$B$2:$C$32,2,FALSE),0) -> 0 | C13: =$A$13*$B$13 -> 0 | D13: Mini Pão de Milho ou
A14: =$C$6*0.1 -> 17.2 | B14: =IFERROR(VLOOKUP(D14,PREÇOS!$B$2:$C$32,2,FALSE),0) -> 0 | C14: =$A$14*$B$14 -> 0 | D14: Mini Baguete Rustica
A15: =$C$6*0.2 -> 34.4 | B15: =IFERROR(VLOOKUP(D15,PREÇOS!$B$2:$C$32,2,FALSE),0) -> 0.8 | C15: =$A$15*$B$15 -> 27.52 | D15: Mini Pão Calabresa
A16: =$C$6*0.2 -> 34.4 | B16: =IFERROR(VLOOKUP(D16,PREÇOS!$B$2:$C$32,2,FALSE),0) -> 0.7 | C16: =$A$16*$B$16 -> 24.08 | D16: Mini Pão Delicia recheado
A17: =$C$6*0.01 -> 1.72 | B17: =IFERROR(VLOOKUP(D17,PREÇOS!$B$2:$C$32,2,FALSE),0) -> 1.55 | C17: =$A$17*$B$17 -> 2.666 | D17: Focaccia recheada
A18: =$C$6*0.3 -> 51.6 | B18: =IFERROR(VLOOKUP(D18,PREÇOS!$B$2:$C$32,2,FALSE),0) -> 0.4 | C18: =$A$18*$B$18 -> 20.64 | D18: Mini Tiger
A19: =$C$6*0.2 -> 34.4 | B19: =IFERROR(VLOOKUP(D19,PREÇOS!$B$2:$C$32,2,FALSE),0) -> 0.8 | C19: =$A$19*$B$19 -> 27.52 | D19: Mini Pão de Frios
A20: =$C$6*0.004 -> 0.688 | B20: =IFERROR(VLOOKUP(D20,PREÇOS!$B$2:$C$32,2,FALSE),0) -> 3 | C20: =$A$20*$B$20 -> 2.064 | D20: Pão de Forma integral
A21: =$C$6*0.009 -> 1.548 | B21: =IFERROR(VLOOKUP(D21,PREÇOS!$B$2:$C$32,2,FALSE),0) -> 2.8 | C21: =$A$21*$B$21 -> 4.3344 | D21: Pão de forma Tradicional
A22: =$C$6*0.004 -> 0.688 | B22: =IFERROR(VLOOKUP(D22,PREÇOS!$B$2:$C$32,2,FALSE),0) -> 3 | C22: =$A$22*$B$22 -> 2.064 | D22: Pão de Forma Maritoso
A23: =$C$6*0.04 -> 6.88 | B23: =IFERROR(VLOOKUP(D23,PREÇOS!$B$2:$C$32,2,FALSE),0) -> 2.6 | C23: =$A$23*$B$23 -> 17.888 | D23: Baguete Francesa 300g
A24: =$C$6*0.04 -> 6.88 | B24: =IFERROR(VLOOKUP(D24,PREÇOS!$B$2:$C$32,2,FALSE),0) -> 3.8 | C24: =$A$24*$B$24 -> 26.144 | D24: Pães de Decoração Rustico
D25: PÃES DOCES
A26: =$C$6*0.2 -> 34.4 | B26: =IFERROR(VLOOKUP(D26,PREÇOS!$B$2:$C$32,2,FALSE),0) -> 0.6 | C26: =$A$26*$B$26 -> 20.64 | D26: Mini Brioche ou Pão de Açucar
A27: =$C$6*0.2 -> 34.4 | B27: =IFERROR(VLOOKUP(D27,PREÇOS!$B$2:$C$32,2,FALSE),0) -> 0.5 | C27: =$A$27*$B$27 -> 17.2 | D27: Mini Bisnaguinha
A28: =$C$6*0.1 -> 17.2 | B28: =IFERROR(VLOOKUP(D28,PREÇOS!$B$2:$C$32,2,FALSE),0) -> 0.75 | C28: =$A$28*$B$28 -> 12.9 | D28: Mini Pão de coco
A29: =$C$6*0.1 -> 17.2 | B29: =IFERROR(VLOOKUP(D29,PREÇOS!$B$2:$C$32,2,FALSE),0) -> 0.6 | C29: =$A$29*$B$29 -> 10.32 | D29: Mini Pão doce
A30: =$C$6*0.2 -> 34.4 | B30: =IFERROR(VLOOKUP(D30,PREÇOS!$B$2:$C$32,2,FALSE),0) -> 0.8 | C30: =$A$30*$B$30 -> 27.52 | D30: Mini Donuts
A31: =$C$6*0.2 -> 34.4 | B31: =IFERROR(VLOOKUP(D31,PREÇOS!$B$2:$C$32,2,FALSE),0) -> 0.8 | C31: =$A$31*$B$31 -> 27.52 | D31: Mini Sonho
A32: =$C$6*0.2 -> 34.4 | B32: =IFERROR(VLOOKUP(D32,PREÇOS!$B$2:$C$32,2,FALSE),0) -> 0.85 | C32: =$A$32*$B$32 -> 29.24 | D32: Mini cookies
D33: FOLHADOS
A34: =$C$6*0.7 -> 120.4 | B34: =IFERROR(VLOOKUP(D34,PREÇOS!$B$2:$C$32,2,FALSE),0) -> 1.6 | C34: =$A$34*$B$34 -> 192.64 | D34: Mini Croissant
A35: =$C$6*0.5 -> 86 | B35: =IFERROR(VLOOKUP(D35,PREÇOS!$B$2:$C$32,2,FALSE),0) -> 1.8 | C35: =$A$35*$B$35 -> 154.8 | D35: Mini Pão de Chocolate
A36: =$C$6*0.5 -> 86 | B36: =IFERROR(VLOOKUP(D36,PREÇOS!$B$2:$C$32,2,FALSE),0) -> 0.95 | C36: =$A$36*$B$36 -> 81.7 | D36: Mini Folhado Salgado
A38: Total: | C38: =SUM(C9:C37) -> 854.9604
A40: Produtos Volantes
A41: PAX | C41: 172 | D41: PADARIA
A42: unidades | D42: Pães salgados e doces
A43: =$C$41*0.7 -> 120.4 | B43: =IFERROR(VLOOKUP(D43,PREÇOS!$B$2:$C$32,2,FALSE),0) -> 0.63 | C43: =$A$43*$B$43 -> 75.852 | D43: Pão de queijo
A44: =$C$41*0.3 -> 51.6 | B44: =IFERROR(VLOOKUP(D44,PREÇOS!$B$2:$C$32,2,FALSE),0) -> 0.95 | C44: =$A$44*$B$44 -> 49.02 | D44: Folhado Salgado
A45: =$C$41*0.6 -> 103.2 | B45: =IFERROR(VLOOKUP(D45,PREÇOS!$B$2:$C$32,2,FALSE),0) -> 0.95 | C45: =$A$45*$B$45 -> 98.04 | D45: Doce do Dia verificar cardápio
C46: =$A$46*$B$46 -> 0
C47: =$A$47*$B$47 -> 0
A49: Total: | C49: =SUM(C43:C47) -> 222.912
A51: Refeitório Funcionarios
A52: PAX | C52: 200 | D52: PADARIA
A53: unidades | D53: PÃES SALGADOS
A54: =$C$52*0.9 -> 180 | B54: =IFERROR(VLOOKUP(D54,PREÇOS!$B$2:$C$32,2,FALSE),0) -> 0.65 | C54: =$A$54*$B$54 -> 117 | D54: Pão Francês 50g
A55: =$C$52*0.6 -> 120 | B55: =IFERROR(VLOOKUP(D55,PREÇOS!$B$2:$C$32,2,FALSE),0) -> 0.8 | C55: =$A$55*$B55 -> 96 | D55: Pão de leite 50g
A58: Total: | C58: =SUM(C54:C57) -> 213

Sheet RESUMO MENSAL
A1: RESUMO MENSAL - JUNHO 2026
A2: HOTEL NANNAI MURO ALTO - PADARIA / CONFEITARIA
A4: CATEGORIA | B4: CUSTO TOTAL MENSAL
A5: Pães Salgados | B5: =SUM('DIA 1'!C9:C24)+SUM('DIA 2'!C9:C24)+SUM('DIA 3'!C9:C24)+SUM('DIA 4'!C9:C24)+SUM('DIA 5'!C9:C24)+SUM('DIA 6'!C9:C24)+SUM('DIA 7'!C9:C24)+SUM('DIA 8'!C9:C24)+SUM('DIA 9'!C9:C24)+SUM('DIA 10'!C9:C24)+SUM('DIA 11'!C9:C24)+SUM('DIA 12'!C9:C24)+SUM('DIA 13'!C9:C24)+SUM('DIA 14'!C9:C24)+SUM('DIA 15'!C9:C24)+SUM('DIA 16'!C9:C24)+SUM('DIA 17'!C9:C24)+SUM('DIA 18'!C9:C24)+SUM('DIA 19'!C9:C24)+SUM('DIA 20'!C9:C24)+SUM('DIA 21'!C9:C24)+SUM('DIA 22'!C9:C24)+SUM('DIA 23'!C9:C24)+SUM('DIA 24'!C9:C24)+SUM('DIA 25'!C9:C24)+SUM('DIA 26'!C9:C24)+SUM('DIA 27'!C9:C24)+SUM('DIA 28'!C9:C24)+SUM('DIA 29'!C9:C24)+SUM('DIA 30'!C9:C24) -> 2025.3294
A6: Pães Doces | B6: =SUM('DIA 1'!C26:C32)+SUM('DIA 2'!C26:C32)+SUM('DIA 3'!C26:C32)+SUM('DIA 4'!C26:C32)+SUM('DIA 5'!C26:C32)+SUM('DIA 6'!C26:C32)+SUM('DIA 7'!C26:C32)+SUM('DIA 8'!C26:C32)+SUM('DIA 9'!C26:C32)+SUM('DIA 10'!C26:C32)+SUM('DIA 11'!C26:C32)+SUM('DIA 12'!C26:C32)+SUM('DIA 13'!C26:C32)+SUM('DIA 14'!C26:C32)+SUM('DIA 15'!C26:C32)+SUM('DIA 16'!C26:C32)+SUM('DIA 17'!C26:C32)+SUM('DIA 18'!C26:C32)+SUM('DIA 19'!C26:C32)+SUM('DIA 20'!C26:C32)+SUM('DIA 21'!C26:C32)+SUM('DIA 22'!C26:C32)+SUM('DIA 23'!C26:C32)+SUM('DIA 24'!C26:C32)+SUM('DIA 25'!C26:C32)+SUM('DIA 26'!C26:C32)+SUM('DIA 27'!C26:C32)+SUM('DIA 28'!C26:C32)+SUM('DIA 29'!C26:C32)+SUM('DIA 30'!C26:C32) -> 1049.49
A7: Folhados | B7: =SUM('DIA 1'!C34:C36)+SUM('DIA 2'!C34:C36)+SUM('DIA 3'!C34:C36)+SUM('DIA 4'!C34:C36)+SUM('DIA 5'!C34:C36)+SUM('DIA 6'!C34:C36)+SUM('DIA 7'!C34:C36)+SUM('DIA 8'!C34:C36)+SUM('DIA 9'!C34:C36)+SUM('DIA 10'!C34:C36)+SUM('DIA 11'!C34:C36)+SUM('DIA 12'!C34:C36)+SUM('DIA 13'!C34:C36)+SUM('DIA 14'!C34:C36)+SUM('DIA 15'!C34:C36)+SUM('DIA 16'!C34:C36)+SUM('DIA 17'!C34:C36)+SUM('DIA 18'!C34:C36)+SUM('DIA 19'!C34:C36)+SUM('DIA 20'!C34:C36)+SUM('DIA 21'!C34:C36)+SUM('DIA 22'!C34:C36)+SUM('DIA 23'!C34:C36)+SUM('DIA 24'!C34:C36)+SUM('DIA 25'!C34:C36)+SUM('DIA 26'!C34:C36)+SUM('DIA 27'!C34:C36)+SUM('DIA 28'!C34:C36)+SUM('DIA 29'!C34:C36)+SUM('DIA 30'!C34:C36) -> 3098.79
A8: Produtos Volantes | B8: ='DIA 1'!C49+'DIA 2'!C49+'DIA 3'!C49+'DIA 4'!C49+'DIA 5'!C49+'DIA 6'!C49+'DIA 7'!C49+'DIA 8'!C49+'DIA 9'!C49+'DIA 10'!C49+'DIA 11'!C49+'DIA 12'!C49+'DIA 13'!C49+'DIA 14'!C49+'DIA 15'!C49+'DIA 16'!C49+'DIA 17'!C49+'DIA 18'!C49+'DIA 19'!C49+'DIA 20'!C49+'DIA 21'!C49+'DIA 22'!C49+'DIA 23'!C49+'DIA 24'!C49+'DIA 25'!C49+'DIA 26'!C49+'DIA 27'!C49+'DIA 28'!C49+'DIA 29'!C49+'DIA 30'!C49 -> 1608.336
A9: Refeitório Funcionários | B9: ='DIA 1'!C58+'DIA 2'!C58+'DIA 3'!C58+'DIA 4'!C58+'DIA 5'!C58+'DIA 6'!C58+'DIA 7'!C58+'DIA 8'!C58+'DIA 9'!C58+'DIA 10'!C58+'DIA 11'!C58+'DIA 12'!C58+'DIA 13'!C58+'DIA 14'!C58+'DIA 15'!C58+'DIA 16'!C58+'DIA 17'!C58+'DIA 18'!C58+'DIA 19'!C58+'DIA 20'!C58+'DIA 21'!C58+'DIA 22'!C58+'DIA 23'!C58+'DIA 24'!C58+'DIA 25'!C58+'DIA 26'!C58+'DIA 27'!C58+'DIA 28'!C58+'DIA 29'!C58+'DIA 30'!C58 -> 6390
A11: TOTAL GERAL DO MÊS | B11: =SUM(B5:B9) -> 14171.945
A14: DETALHAMENTO POR DIA
A16: DIA | B16: PÃES SALGADOS | C16: PÃES DOCES | D16: FOLHADOS | E16: PROD. VOLANTES | F16: REFEITÓRIO | G16: TOTAL DIA
A17: 1 | B17: =SUM('DIA 1'!C9:C24) -> 0 | C17: =SUM('DIA 1'!C26:C32) -> 0 | D17: =SUM('DIA 1'!C34:C36) -> 0 | E17: ='DIA 1'!C49 -> 0 | F17: ='DIA 1'!C58 -> 213 | G17: =SUM(B17:F17) -> 213
A18: 2 | B18: =SUM('DIA 2'!C9:C24) -> 0 | C18: =SUM('DIA 2'!C26:C32) -> 0 | D18: =SUM('DIA 2'!C34:C36) -> 0 | E18: ='DIA 2'!C49 -> 0 | F18: ='DIA 2'!C58 -> 213 | G18: =SUM(B18:F18) -> 213
A19: 3 | B19: =SUM('DIA 3'!C9:C24) -> 0 | C19: =SUM('DIA 3'!C26:C32) -> 0 | D19: =SUM('DIA 3'!C34:C36) -> 0 | E19: ='DIA 3'!C49 -> 0 | F19: ='DIA 3'!C58 -> 213 | G19: =SUM(B19:F19) -> 213
A20: 4 | B20: =SUM('DIA 4'!C9:C24) -> 0 | C20: =SUM('DIA 4'!C26:C32) -> 0 | D20: =SUM('DIA 4'!C34:C36) -> 0 | E20: ='DIA 4'!C49 -> 0 | F20: ='DIA 4'!C58 -> 213 | G20: =SUM(B20:F20) -> 213
A21: 5 | B21: =SUM('DIA 5'!C9:C24) -> 0 | C21: =SUM('DIA 5'!C26:C32) -> 0 | D21: =SUM('DIA 5'!C34:C36) -> 0 | E21: ='DIA 5'!C49 -> 0 | F21: ='DIA 5'!C58 -> 213 | G21: =SUM(B21:F21) -> 213
A22: 6 | B22: =SUM('DIA 6'!C9:C24) -> 326.14 | C22: =SUM('DIA 6'!C26:C32) -> 169 | D22: =SUM('DIA 6'!C34:C36) -> 499 | E22: ='DIA 6'!C49 -> 259.2 | F22: ='DIA 6'!C58 -> 213 | G22: =SUM(B22:F22) -> 1466.34
A23: 7 | B23: =SUM('DIA 7'!C9:C24) -> 0 | C23: =SUM('DIA 7'!C26:C32) -> 0 | D23: =SUM('DIA 7'!C34:C36) -> 0 | E23: ='DIA 7'!C49 -> 0 | F23: ='DIA 7'!C58 -> 213 | G23: =SUM(B23:F23) -> 213
A24: 8 | B24: =SUM('DIA 8'!C9:C24) -> 0 | C24: =SUM('DIA 8'!C26:C32) -> 0 | D24: =SUM('DIA 8'!C34:C36) -> 0 | E24: ='DIA 8'!C49 -> 0 | F24: ='DIA 8'!C58 -> 213 | G24: =SUM(B24:F24) -> 213
A25: 9 | B25: =SUM('DIA 9'!C9:C24) -> 0 | C25: =SUM('DIA 9'!C26:C32) -> 0 | D25: =SUM('DIA 9'!C34:C36) -> 0 | E25: ='DIA 9'!C49 -> 0 | F25: ='DIA 9'!C58 -> 213 | G25: =SUM(B25:F25) -> 213
A26: 10 | B26: =SUM('DIA 10'!C9:C24) -> 0 | C26: =SUM('DIA 10'!C26:C32) -> 0 | D26: =SUM('DIA 10'!C34:C36) -> 0 | E26: ='DIA 10'!C49 -> 0 | F26: ='DIA 10'!C58 -> 213 | G26: =SUM(B26:F26) -> 213
A27: 11 | B27: =SUM('DIA 11'!C9:C24) -> 0 | C27: =SUM('DIA 11'!C26:C32) -> 0 | D27: =SUM('DIA 11'!C34:C36) -> 0 | E27: ='DIA 11'!C49 -> 0 | F27: ='DIA 11'!C58 -> 213 | G27: =SUM(B27:F27) -> 213
A28: 12 | B28: =SUM('DIA 12'!C9:C24) -> 0 | C28: =SUM('DIA 12'!C26:C32) -> 0 | D28: =SUM('DIA 12'!C34:C36) -> 0 | E28: ='DIA 12'!C49 -> 0 | F28: ='DIA 12'!C58 -> 213 | G28: =SUM(B28:F28) -> 213
A29: 13 | B29: =SUM('DIA 13'!C9:C24) -> 0 | C29: =SUM('DIA 13'!C26:C32) -> 0 | D29: =SUM('DIA 13'!C34:C36) -> 0 | E29: ='DIA 13'!C49 -> 0 | F29: ='DIA 13'!C58 -> 213 | G29: =SUM(B29:F29) -> 213
A30: 14 | B30: =SUM('DIA 14'!C9:C24) -> 0 | C30: =SUM('DIA 14'!C26:C32) -> 0 | D30: =SUM('DIA 14'!C34:C36) -> 0 | E30: ='DIA 14'!C49 -> 0 | F30: ='DIA 14'!C58 -> 213 | G30: =SUM(B30:F30) -> 213
A31: 15 | B31: =SUM('DIA 15'!C9:C24) -> 0 | C31: =SUM('DIA 15'!C26:C32) -> 0 | D31: =SUM('DIA 15'!C34:C36) -> 0 | E31: ='DIA 15'!C49 -> 0 | F31: ='DIA 15'!C58 -> 213 | G31: =SUM(B31:F31) -> 213
A32: 16 | B32: =SUM('DIA 16'!C9:C24) -> 0 | C32: =SUM('DIA 16'!C26:C32) -> 0 | D32: =SUM('DIA 16'!C34:C36) -> 0 | E32: ='DIA 16'!C49 -> 0 | F32: ='DIA 16'!C58 -> 213 | G32: =SUM(B32:F32) -> 213
A33: 17 | B33: =SUM('DIA 17'!C9:C24) -> 0 | C33: =SUM('DIA 17'!C26:C32) -> 0 | D33: =SUM('DIA 17'!C34:C36) -> 0 | E33: ='DIA 17'!C49 -> 0 | F33: ='DIA 17'!C58 -> 213 | G33: =SUM(B33:F33) -> 213
A34: 18 | B34: =SUM('DIA 18'!C9:C24) -> 0 | C34: =SUM('DIA 18'!C26:C32) -> 0 | D34: =SUM('DIA 18'!C34:C36) -> 0 | E34: ='DIA 18'!C49 -> 0 | F34: ='DIA 18'!C58 -> 213 | G34: =SUM(B34:F34) -> 213
A35: 19 | B35: =SUM('DIA 19'!C9:C24) -> 0 | C35: =SUM('DIA 19'!C26:C32) -> 0 | D35: =SUM('DIA 19'!C34:C36) -> 0 | E35: ='DIA 19'!C49 -> 0 | F35: ='DIA 19'!C58 -> 213 | G35: =SUM(B35:F35) -> 213
A36: 20 | B36: =SUM('DIA 20'!C9:C24) -> 0 | C36: =SUM('DIA 20'!C26:C32) -> 0 | D36: =SUM('DIA 20'!C34:C36) -> 0 | E36: ='DIA 20'!C49 -> 0 | F36: ='DIA 20'!C58 -> 213 | G36: =SUM(B36:F36) -> 213
A37: 21 | B37: =SUM('DIA 21'!C9:C24) -> 0 | C37: =SUM('DIA 21'!C26:C32) -> 0 | D37: =SUM('DIA 21'!C34:C36) -> 0 | E37: ='DIA 21'!C49 -> 0 | F37: ='DIA 21'!C58 -> 213 | G37: =SUM(B37:F37) -> 213
A38: 22 | B38: =SUM('DIA 22'!C9:C24) -> 0 | C38: =SUM('DIA 22'!C26:C32) -> 0 | D38: =SUM('DIA 22'!C34:C36) -> 0 | E38: ='DIA 22'!C49 -> 0 | F38: ='DIA 22'!C58 -> 213 | G38: =SUM(B38:F38) -> 213
A39: 23 | B39: =SUM('DIA 23'!C9:C24) -> 0 | C39: =SUM('DIA 23'!C26:C32) -> 0 | D39: =SUM('DIA 23'!C34:C36) -> 0 | E39: ='DIA 23'!C49 -> 0 | F39: ='DIA 23'!C58 -> 213 | G39: =SUM(B39:F39) -> 213
A40: 24 | B40: =SUM('DIA 24'!C9:C24) -> 0 | C40: =SUM('DIA 24'!C26:C32) -> 0 | D40: =SUM('DIA 24'!C34:C36) -> 0 | E40: ='DIA 24'!C49 -> 0 | F40: ='DIA 24'!C58 -> 213 | G40: =SUM(B40:F40) -> 213
A41: 25 | B41: =SUM('DIA 25'!C9:C24) -> 275.5883 | C41: =SUM('DIA 25'!C26:C32) -> 142.805 | D41: =SUM('DIA 25'!C34:C36) -> 421.655 | E41: ='DIA 25'!C49 -> 217.728 | F41: ='DIA 25'!C58 -> 213 | G41: =SUM(B41:F41) -> 1270.7763
A42: 26 | B42: =SUM('DIA 26'!C9:C24) -> 296.7874 | C42: =SUM('DIA 26'!C26:C32) -> 153.79 | D42: =SUM('DIA 26'!C34:C36) -> 454.09 | E42: ='DIA 26'!C49 -> 235.872 | F42: ='DIA 26'!C58 -> 213 | G42: =SUM(B42:F42) -> 1353.5394
A43: 27 | B43: =SUM('DIA 27'!C9:C24) -> 262.5427 | C43: =SUM('DIA 27'!C26:C32) -> 136.045 | D43: =SUM('DIA 27'!C34:C36) -> 401.695 | E43: ='DIA 27'!C49 -> 208.656 | F43: ='DIA 27'!C58 -> 213 | G43: =SUM(B43:F43) -> 1221.9387
A44: 28 | B44: =SUM('DIA 28'!C9:C24) -> 304.9409 | C44: =SUM('DIA 28'!C26:C32) -> 158.015 | D44: =SUM('DIA 28'!C34:C36) -> 466.565 | E44: ='DIA 28'!C49 -> 242.352 | F44: ='DIA 28'!C58 -> 213 | G44: =SUM(B44:F44) -> 1384.8729
A45: 29 | B45: =SUM('DIA 29'!C9:C24) -> 278.8497 | C45: =SUM('DIA 29'!C26:C32) -> 144.495 | D45: =SUM('DIA 29'!C34:C36) -> 426.645 | E45: ='DIA 29'!C49 -> 221.616 | F45: ='DIA 29'!C58 -> 213 | G45: =SUM(B45:F45) -> 1284.6057
A46: 30 | B46: =SUM('DIA 30'!C9:C24) -> 280.4804 | C46: =SUM('DIA 30'!C26:C32) -> 145.34 | D46: =SUM('DIA 30'!C34:C36) -> 429.14 | E46: ='DIA 30'!C49 -> 222.912 | F46: ='DIA 30'!C58 -> 213 | G46: =SUM(B46:F46) -> 1290.8724
A47: TOTAL | B47: =SUM(B17:B46) -> 2025.3294 | C47: =SUM(C17:C46) -> 1049.49 | D47: =SUM(D17:D46) -> 3098.79 | E47: =SUM(E17:E46) -> 1608.336 | F47: =SUM(F17:F46) -> 6390 | G47: =SUM(G17:G46) -> 14171.945
A49: ⚠️ Este resumo atualiza automaticamente conforme os dados das abas diárias são alterados.
